/*
MySQL Backup
Source Server Version: 8.0.12
Source Database: ApolloConfigDB
Date: 2020-7-10 15:09:50
*/

SET FOREIGN_KEY_CHECKS=0;

-- ----------------------------
--  Table structure for `App`
-- ----------------------------
DROP TABLE IF EXISTS `App`;
CREATE TABLE `App` (
  `Id` int(10) unsigned NOT NULL AUTO_INCREMENT COMMENT '主键',
  `AppId` varchar(500) NOT NULL DEFAULT 'default' COMMENT 'AppID',
  `Name` varchar(500) NOT NULL DEFAULT 'default' COMMENT '应用名',
  `OrgId` varchar(32) NOT NULL DEFAULT 'default' COMMENT '部门Id',
  `OrgName` varchar(64) NOT NULL DEFAULT 'default' COMMENT '部门名字',
  `OwnerName` varchar(500) NOT NULL DEFAULT 'default' COMMENT 'ownerName',
  `OwnerEmail` varchar(500) NOT NULL DEFAULT 'default' COMMENT 'ownerEmail',
  `IsDeleted` bit(1) NOT NULL DEFAULT b'0' COMMENT '1: deleted, 0: normal',
  `DataChange_CreatedBy` varchar(32) NOT NULL DEFAULT 'default' COMMENT '创建人邮箱前缀',
  `DataChange_CreatedTime` timestamp NOT NULL DEFAULT CURRENT_TIMESTAMP COMMENT '创建时间',
  `DataChange_LastModifiedBy` varchar(32) DEFAULT '' COMMENT '最后修改人邮箱前缀',
  `DataChange_LastTime` timestamp NULL DEFAULT CURRENT_TIMESTAMP ON UPDATE CURRENT_TIMESTAMP COMMENT '最后修改时间',
  PRIMARY KEY (`Id`),
  KEY `AppId` (`AppId`(191)),
  KEY `DataChange_LastTime` (`DataChange_LastTime`),
  KEY `IX_Name` (`Name`(191))
) ENGINE=InnoDB AUTO_INCREMENT=8 DEFAULT CHARSET=utf8mb4 COLLATE=utf8mb4_0900_ai_ci COMMENT='应用表';

-- ----------------------------
--  Table structure for `AppNamespace`
-- ----------------------------
DROP TABLE IF EXISTS `AppNamespace`;
CREATE TABLE `AppNamespace` (
  `Id` int(10) unsigned NOT NULL AUTO_INCREMENT COMMENT '自增主键',
  `Name` varchar(32) NOT NULL DEFAULT '' COMMENT 'namespace名字，注意，需要全局唯一',
  `AppId` varchar(32) NOT NULL DEFAULT '' COMMENT 'app id',
  `Format` varchar(32) NOT NULL DEFAULT 'properties' COMMENT 'namespace的format类型',
  `IsPublic` bit(1) NOT NULL DEFAULT b'0' COMMENT 'namespace是否为公共',
  `Comment` varchar(64) NOT NULL DEFAULT '' COMMENT '注释',
  `IsDeleted` bit(1) NOT NULL DEFAULT b'0' COMMENT '1: deleted, 0: normal',
  `DataChange_CreatedBy` varchar(32) NOT NULL DEFAULT '' COMMENT '创建人邮箱前缀',
  `DataChange_CreatedTime` timestamp NOT NULL DEFAULT CURRENT_TIMESTAMP COMMENT '创建时间',
  `DataChange_LastModifiedBy` varchar(32) DEFAULT '' COMMENT '最后修改人邮箱前缀',
  `DataChange_LastTime` timestamp NULL DEFAULT CURRENT_TIMESTAMP ON UPDATE CURRENT_TIMESTAMP COMMENT '最后修改时间',
  PRIMARY KEY (`Id`),
  KEY `IX_AppId` (`AppId`),
  KEY `Name_AppId` (`Name`,`AppId`),
  KEY `DataChange_LastTime` (`DataChange_LastTime`)
) ENGINE=InnoDB AUTO_INCREMENT=12 DEFAULT CHARSET=utf8mb4 COLLATE=utf8mb4_0900_ai_ci COMMENT='应用namespace定义';

-- ----------------------------
--  Table structure for `Audit`
-- ----------------------------
DROP TABLE IF EXISTS `Audit`;
CREATE TABLE `Audit` (
  `Id` int(10) unsigned NOT NULL AUTO_INCREMENT COMMENT '主键',
  `EntityName` varchar(50) NOT NULL DEFAULT 'default' COMMENT '表名',
  `EntityId` int(10) unsigned DEFAULT NULL COMMENT '记录ID',
  `OpName` varchar(50) NOT NULL DEFAULT 'default' COMMENT '操作类型',
  `Comment` varchar(500) DEFAULT NULL COMMENT '备注',
  `IsDeleted` bit(1) NOT NULL DEFAULT b'0' COMMENT '1: deleted, 0: normal',
  `DataChange_CreatedBy` varchar(32) NOT NULL DEFAULT 'default' COMMENT '创建人邮箱前缀',
  `DataChange_CreatedTime` timestamp NOT NULL DEFAULT CURRENT_TIMESTAMP COMMENT '创建时间',
  `DataChange_LastModifiedBy` varchar(32) DEFAULT '' COMMENT '最后修改人邮箱前缀',
  `DataChange_LastTime` timestamp NULL DEFAULT CURRENT_TIMESTAMP ON UPDATE CURRENT_TIMESTAMP COMMENT '最后修改时间',
  PRIMARY KEY (`Id`),
  KEY `DataChange_LastTime` (`DataChange_LastTime`)
) ENGINE=InnoDB AUTO_INCREMENT=343 DEFAULT CHARSET=utf8mb4 COLLATE=utf8mb4_0900_ai_ci COMMENT='日志审计表';

-- ----------------------------
--  Table structure for `Cluster`
-- ----------------------------
DROP TABLE IF EXISTS `Cluster`;
CREATE TABLE `Cluster` (
  `Id` int(10) unsigned NOT NULL AUTO_INCREMENT COMMENT '自增主键',
  `Name` varchar(32) NOT NULL DEFAULT '' COMMENT '集群名字',
  `AppId` varchar(32) NOT NULL DEFAULT '' COMMENT 'App id',
  `ParentClusterId` int(10) unsigned NOT NULL DEFAULT '0' COMMENT '父cluster',
  `IsDeleted` bit(1) NOT NULL DEFAULT b'0' COMMENT '1: deleted, 0: normal',
  `DataChange_CreatedBy` varchar(32) NOT NULL DEFAULT '' COMMENT '创建人邮箱前缀',
  `DataChange_CreatedTime` timestamp NOT NULL DEFAULT CURRENT_TIMESTAMP COMMENT '创建时间',
  `DataChange_LastModifiedBy` varchar(32) DEFAULT '' COMMENT '最后修改人邮箱前缀',
  `DataChange_LastTime` timestamp NULL DEFAULT CURRENT_TIMESTAMP ON UPDATE CURRENT_TIMESTAMP COMMENT '最后修改时间',
  PRIMARY KEY (`Id`),
  KEY `IX_AppId_Name` (`AppId`,`Name`),
  KEY `IX_ParentClusterId` (`ParentClusterId`),
  KEY `DataChange_LastTime` (`DataChange_LastTime`)
) ENGINE=InnoDB AUTO_INCREMENT=9 DEFAULT CHARSET=utf8mb4 COLLATE=utf8mb4_0900_ai_ci COMMENT='集群';

-- ----------------------------
--  Table structure for `Commit`
-- ----------------------------
DROP TABLE IF EXISTS `Commit`;
CREATE TABLE `Commit` (
  `Id` int(10) unsigned NOT NULL AUTO_INCREMENT COMMENT '主键',
  `ChangeSets` longtext NOT NULL COMMENT '修改变更集',
  `AppId` varchar(500) NOT NULL DEFAULT 'default' COMMENT 'AppID',
  `ClusterName` varchar(500) NOT NULL DEFAULT 'default' COMMENT 'ClusterName',
  `NamespaceName` varchar(500) NOT NULL DEFAULT 'default' COMMENT 'namespaceName',
  `Comment` varchar(500) DEFAULT NULL COMMENT '备注',
  `IsDeleted` bit(1) NOT NULL DEFAULT b'0' COMMENT '1: deleted, 0: normal',
  `DataChange_CreatedBy` varchar(32) NOT NULL DEFAULT 'default' COMMENT '创建人邮箱前缀',
  `DataChange_CreatedTime` timestamp NOT NULL DEFAULT CURRENT_TIMESTAMP COMMENT '创建时间',
  `DataChange_LastModifiedBy` varchar(32) DEFAULT '' COMMENT '最后修改人邮箱前缀',
  `DataChange_LastTime` timestamp NULL DEFAULT CURRENT_TIMESTAMP ON UPDATE CURRENT_TIMESTAMP COMMENT '最后修改时间',
  PRIMARY KEY (`Id`),
  KEY `DataChange_LastTime` (`DataChange_LastTime`),
  KEY `AppId` (`AppId`(191)),
  KEY `ClusterName` (`ClusterName`(191)),
  KEY `NamespaceName` (`NamespaceName`(191))
) ENGINE=InnoDB AUTO_INCREMENT=38 DEFAULT CHARSET=utf8mb4 COLLATE=utf8mb4_0900_ai_ci COMMENT='commit 历史表';

-- ----------------------------
--  Table structure for `GrayReleaseRule`
-- ----------------------------
DROP TABLE IF EXISTS `GrayReleaseRule`;
CREATE TABLE `GrayReleaseRule` (
  `Id` int(11) unsigned NOT NULL AUTO_INCREMENT COMMENT '主键',
  `AppId` varchar(32) NOT NULL DEFAULT 'default' COMMENT 'AppID',
  `ClusterName` varchar(32) NOT NULL DEFAULT 'default' COMMENT 'Cluster Name',
  `NamespaceName` varchar(32) NOT NULL DEFAULT 'default' COMMENT 'Namespace Name',
  `BranchName` varchar(32) NOT NULL DEFAULT 'default' COMMENT 'branch name',
  `Rules` varchar(16000) DEFAULT '[]' COMMENT '灰度规则',
  `ReleaseId` int(11) unsigned NOT NULL DEFAULT '0' COMMENT '灰度对应的release',
  `BranchStatus` tinyint(2) DEFAULT '1' COMMENT '灰度分支状态: 0:删除分支,1:正在使用的规则 2：全量发布',
  `IsDeleted` bit(1) NOT NULL DEFAULT b'0' COMMENT '1: deleted, 0: normal',
  `DataChange_CreatedBy` varchar(32) NOT NULL DEFAULT 'default' COMMENT '创建人邮箱前缀',
  `DataChange_CreatedTime` timestamp NOT NULL DEFAULT CURRENT_TIMESTAMP COMMENT '创建时间',
  `DataChange_LastModifiedBy` varchar(32) DEFAULT '' COMMENT '最后修改人邮箱前缀',
  `DataChange_LastTime` timestamp NULL DEFAULT CURRENT_TIMESTAMP ON UPDATE CURRENT_TIMESTAMP COMMENT '最后修改时间',
  PRIMARY KEY (`Id`),
  KEY `DataChange_LastTime` (`DataChange_LastTime`),
  KEY `IX_Namespace` (`AppId`,`ClusterName`,`NamespaceName`)
) ENGINE=InnoDB AUTO_INCREMENT=4 DEFAULT CHARSET=utf8mb4 COLLATE=utf8mb4_0900_ai_ci COMMENT='灰度规则表';

-- ----------------------------
--  Table structure for `Instance`
-- ----------------------------
DROP TABLE IF EXISTS `Instance`;
CREATE TABLE `Instance` (
  `Id` int(11) unsigned NOT NULL AUTO_INCREMENT COMMENT '自增Id',
  `AppId` varchar(32) NOT NULL DEFAULT 'default' COMMENT 'AppID',
  `ClusterName` varchar(32) NOT NULL DEFAULT 'default' COMMENT 'ClusterName',
  `DataCenter` varchar(64) NOT NULL DEFAULT 'default' COMMENT 'Data Center Name',
  `Ip` varchar(32) NOT NULL DEFAULT '' COMMENT 'instance ip',
  `DataChange_CreatedTime` timestamp NOT NULL DEFAULT CURRENT_TIMESTAMP COMMENT '创建时间',
  `DataChange_LastTime` timestamp NOT NULL DEFAULT CURRENT_TIMESTAMP ON UPDATE CURRENT_TIMESTAMP COMMENT '最后修改时间',
  PRIMARY KEY (`Id`),
  UNIQUE KEY `IX_UNIQUE_KEY` (`AppId`,`ClusterName`,`Ip`,`DataCenter`),
  KEY `IX_IP` (`Ip`),
  KEY `IX_DataChange_LastTime` (`DataChange_LastTime`)
) ENGINE=InnoDB AUTO_INCREMENT=13 DEFAULT CHARSET=utf8mb4 COLLATE=utf8mb4_0900_ai_ci COMMENT='使用配置的应用实例';

-- ----------------------------
--  Table structure for `InstanceConfig`
-- ----------------------------
DROP TABLE IF EXISTS `InstanceConfig`;
CREATE TABLE `InstanceConfig` (
  `Id` int(11) unsigned NOT NULL AUTO_INCREMENT COMMENT '自增Id',
  `InstanceId` int(11) unsigned DEFAULT NULL COMMENT 'Instance Id',
  `ConfigAppId` varchar(32) NOT NULL DEFAULT 'default' COMMENT 'Config App Id',
  `ConfigClusterName` varchar(32) NOT NULL DEFAULT 'default' COMMENT 'Config Cluster Name',
  `ConfigNamespaceName` varchar(32) NOT NULL DEFAULT 'default' COMMENT 'Config Namespace Name',
  `ReleaseKey` varchar(64) NOT NULL DEFAULT '' COMMENT '发布的Key',
  `ReleaseDeliveryTime` timestamp NULL DEFAULT NULL COMMENT '配置获取时间',
  `DataChange_CreatedTime` timestamp NOT NULL DEFAULT CURRENT_TIMESTAMP COMMENT '创建时间',
  `DataChange_LastTime` timestamp NOT NULL DEFAULT CURRENT_TIMESTAMP ON UPDATE CURRENT_TIMESTAMP COMMENT '最后修改时间',
  PRIMARY KEY (`Id`),
  UNIQUE KEY `IX_UNIQUE_KEY` (`InstanceId`,`ConfigAppId`,`ConfigNamespaceName`),
  KEY `IX_ReleaseKey` (`ReleaseKey`),
  KEY `IX_DataChange_LastTime` (`DataChange_LastTime`),
  KEY `IX_Valid_Namespace` (`ConfigAppId`,`ConfigClusterName`,`ConfigNamespaceName`,`DataChange_LastTime`)
) ENGINE=InnoDB AUTO_INCREMENT=22 DEFAULT CHARSET=utf8mb4 COLLATE=utf8mb4_0900_ai_ci COMMENT='应用实例的配置信息';

-- ----------------------------
--  Table structure for `Item`
-- ----------------------------
DROP TABLE IF EXISTS `Item`;
CREATE TABLE `Item` (
  `Id` int(10) unsigned NOT NULL AUTO_INCREMENT COMMENT '自增Id',
  `NamespaceId` int(10) unsigned NOT NULL DEFAULT '0' COMMENT '集群NamespaceId',
  `Key` varchar(128) NOT NULL DEFAULT 'default' COMMENT '配置项Key',
  `Value` longtext NOT NULL COMMENT '配置项值',
  `Comment` varchar(1024) DEFAULT '' COMMENT '注释',
  `LineNum` int(10) unsigned DEFAULT '0' COMMENT '行号',
  `IsDeleted` bit(1) NOT NULL DEFAULT b'0' COMMENT '1: deleted, 0: normal',
  `DataChange_CreatedBy` varchar(32) NOT NULL DEFAULT 'default' COMMENT '创建人邮箱前缀',
  `DataChange_CreatedTime` timestamp NOT NULL DEFAULT CURRENT_TIMESTAMP COMMENT '创建时间',
  `DataChange_LastModifiedBy` varchar(32) DEFAULT '' COMMENT '最后修改人邮箱前缀',
  `DataChange_LastTime` timestamp NULL DEFAULT CURRENT_TIMESTAMP ON UPDATE CURRENT_TIMESTAMP COMMENT '最后修改时间',
  PRIMARY KEY (`Id`),
  KEY `IX_GroupId` (`NamespaceId`),
  KEY `DataChange_LastTime` (`DataChange_LastTime`)
) ENGINE=InnoDB AUTO_INCREMENT=144 DEFAULT CHARSET=utf8mb4 COLLATE=utf8mb4_0900_ai_ci COMMENT='配置项目';

-- ----------------------------
--  Table structure for `Namespace`
-- ----------------------------
DROP TABLE IF EXISTS `Namespace`;
CREATE TABLE `Namespace` (
  `Id` int(10) unsigned NOT NULL AUTO_INCREMENT COMMENT '自增主键',
  `AppId` varchar(500) NOT NULL DEFAULT 'default' COMMENT 'AppID',
  `ClusterName` varchar(500) NOT NULL DEFAULT 'default' COMMENT 'Cluster Name',
  `NamespaceName` varchar(500) NOT NULL DEFAULT 'default' COMMENT 'Namespace Name',
  `IsDeleted` bit(1) NOT NULL DEFAULT b'0' COMMENT '1: deleted, 0: normal',
  `DataChange_CreatedBy` varchar(32) NOT NULL DEFAULT 'default' COMMENT '创建人邮箱前缀',
  `DataChange_CreatedTime` timestamp NOT NULL DEFAULT CURRENT_TIMESTAMP COMMENT '创建时间',
  `DataChange_LastModifiedBy` varchar(32) DEFAULT '' COMMENT '最后修改人邮箱前缀',
  `DataChange_LastTime` timestamp NULL DEFAULT CURRENT_TIMESTAMP ON UPDATE CURRENT_TIMESTAMP COMMENT '最后修改时间',
  PRIMARY KEY (`Id`),
  KEY `AppId_ClusterName_NamespaceName` (`AppId`(191),`ClusterName`(191),`NamespaceName`(191)),
  KEY `DataChange_LastTime` (`DataChange_LastTime`),
  KEY `IX_NamespaceName` (`NamespaceName`(191))
) ENGINE=InnoDB AUTO_INCREMENT=13 DEFAULT CHARSET=utf8mb4 COLLATE=utf8mb4_0900_ai_ci COMMENT='命名空间';

-- ----------------------------
--  Table structure for `NamespaceLock`
-- ----------------------------
DROP TABLE IF EXISTS `NamespaceLock`;
CREATE TABLE `NamespaceLock` (
  `Id` int(11) unsigned NOT NULL AUTO_INCREMENT COMMENT '自增id',
  `NamespaceId` int(10) unsigned NOT NULL DEFAULT '0' COMMENT '集群NamespaceId',
  `DataChange_CreatedBy` varchar(32) NOT NULL DEFAULT 'default' COMMENT '创建人邮箱前缀',
  `DataChange_CreatedTime` timestamp NOT NULL DEFAULT CURRENT_TIMESTAMP COMMENT '创建时间',
  `DataChange_LastModifiedBy` varchar(32) DEFAULT 'default' COMMENT '最后修改人邮箱前缀',
  `DataChange_LastTime` timestamp NULL DEFAULT CURRENT_TIMESTAMP ON UPDATE CURRENT_TIMESTAMP COMMENT '最后修改时间',
  `IsDeleted` bit(1) DEFAULT b'0' COMMENT '软删除',
  PRIMARY KEY (`Id`),
  UNIQUE KEY `IX_NamespaceId` (`NamespaceId`),
  KEY `DataChange_LastTime` (`DataChange_LastTime`)
) ENGINE=InnoDB DEFAULT CHARSET=utf8mb4 COLLATE=utf8mb4_0900_ai_ci COMMENT='namespace的编辑锁';

-- ----------------------------
--  Table structure for `Release`
-- ----------------------------
DROP TABLE IF EXISTS `Release`;
CREATE TABLE `Release` (
  `Id` int(10) unsigned NOT NULL AUTO_INCREMENT COMMENT '自增主键',
  `ReleaseKey` varchar(64) NOT NULL DEFAULT '' COMMENT '发布的Key',
  `Name` varchar(64) NOT NULL DEFAULT 'default' COMMENT '发布名字',
  `Comment` varchar(256) DEFAULT NULL COMMENT '发布说明',
  `AppId` varchar(500) NOT NULL DEFAULT 'default' COMMENT 'AppID',
  `ClusterName` varchar(500) NOT NULL DEFAULT 'default' COMMENT 'ClusterName',
  `NamespaceName` varchar(500) NOT NULL DEFAULT 'default' COMMENT 'namespaceName',
  `Configurations` longtext NOT NULL COMMENT '发布配置',
  `IsAbandoned` bit(1) NOT NULL DEFAULT b'0' COMMENT '是否废弃',
  `IsDeleted` bit(1) NOT NULL DEFAULT b'0' COMMENT '1: deleted, 0: normal',
  `DataChange_CreatedBy` varchar(32) NOT NULL DEFAULT 'default' COMMENT '创建人邮箱前缀',
  `DataChange_CreatedTime` timestamp NOT NULL DEFAULT CURRENT_TIMESTAMP COMMENT '创建时间',
  `DataChange_LastModifiedBy` varchar(32) DEFAULT '' COMMENT '最后修改人邮箱前缀',
  `DataChange_LastTime` timestamp NULL DEFAULT CURRENT_TIMESTAMP ON UPDATE CURRENT_TIMESTAMP COMMENT '最后修改时间',
  PRIMARY KEY (`Id`),
  KEY `AppId_ClusterName_GroupName` (`AppId`(191),`ClusterName`(191),`NamespaceName`(191)),
  KEY `DataChange_LastTime` (`DataChange_LastTime`),
  KEY `IX_ReleaseKey` (`ReleaseKey`)
) ENGINE=InnoDB AUTO_INCREMENT=32 DEFAULT CHARSET=utf8mb4 COLLATE=utf8mb4_0900_ai_ci COMMENT='发布';

-- ----------------------------
--  Table structure for `ReleaseHistory`
-- ----------------------------
DROP TABLE IF EXISTS `ReleaseHistory`;
CREATE TABLE `ReleaseHistory` (
  `Id` int(11) unsigned NOT NULL AUTO_INCREMENT COMMENT '自增Id',
  `AppId` varchar(32) NOT NULL DEFAULT 'default' COMMENT 'AppID',
  `ClusterName` varchar(32) NOT NULL DEFAULT 'default' COMMENT 'ClusterName',
  `NamespaceName` varchar(32) NOT NULL DEFAULT 'default' COMMENT 'namespaceName',
  `BranchName` varchar(32) NOT NULL DEFAULT 'default' COMMENT '发布分支名',
  `ReleaseId` int(11) unsigned NOT NULL DEFAULT '0' COMMENT '关联的Release Id',
  `PreviousReleaseId` int(11) unsigned NOT NULL DEFAULT '0' COMMENT '前一次发布的ReleaseId',
  `Operation` tinyint(3) unsigned NOT NULL DEFAULT '0' COMMENT '发布类型，0: 普通发布，1: 回滚，2: 灰度发布，3: 灰度规则更新，4: 灰度合并回主分支发布，5: 主分支发布灰度自动发布，6: 主分支回滚灰度自动发布，7: 放弃灰度',
  `OperationContext` longtext NOT NULL COMMENT '发布上下文信息',
  `IsDeleted` bit(1) NOT NULL DEFAULT b'0' COMMENT '1: deleted, 0: normal',
  `DataChange_CreatedBy` varchar(32) NOT NULL DEFAULT 'default' COMMENT '创建人邮箱前缀',
  `DataChange_CreatedTime` timestamp NOT NULL DEFAULT CURRENT_TIMESTAMP COMMENT '创建时间',
  `DataChange_LastModifiedBy` varchar(32) DEFAULT '' COMMENT '最后修改人邮箱前缀',
  `DataChange_LastTime` timestamp NULL DEFAULT CURRENT_TIMESTAMP ON UPDATE CURRENT_TIMESTAMP COMMENT '最后修改时间',
  PRIMARY KEY (`Id`),
  KEY `IX_Namespace` (`AppId`,`ClusterName`,`NamespaceName`,`BranchName`),
  KEY `IX_ReleaseId` (`ReleaseId`),
  KEY `IX_DataChange_LastTime` (`DataChange_LastTime`)
) ENGINE=InnoDB AUTO_INCREMENT=35 DEFAULT CHARSET=utf8mb4 COLLATE=utf8mb4_0900_ai_ci COMMENT='发布历史';

-- ----------------------------
--  Table structure for `ReleaseMessage`
-- ----------------------------
DROP TABLE IF EXISTS `ReleaseMessage`;
CREATE TABLE `ReleaseMessage` (
  `Id` int(11) unsigned NOT NULL AUTO_INCREMENT COMMENT '自增主键',
  `Message` varchar(1024) NOT NULL DEFAULT '' COMMENT '发布的消息内容',
  `DataChange_LastTime` timestamp NOT NULL DEFAULT CURRENT_TIMESTAMP ON UPDATE CURRENT_TIMESTAMP COMMENT '最后修改时间',
  PRIMARY KEY (`Id`),
  KEY `DataChange_LastTime` (`DataChange_LastTime`),
  KEY `IX_Message` (`Message`(191))
) ENGINE=InnoDB AUTO_INCREMENT=35 DEFAULT CHARSET=utf8mb4 COLLATE=utf8mb4_0900_ai_ci COMMENT='发布消息';

-- ----------------------------
--  Table structure for `ServerConfig`
-- ----------------------------
DROP TABLE IF EXISTS `ServerConfig`;
CREATE TABLE `ServerConfig` (
  `Id` int(10) unsigned NOT NULL AUTO_INCREMENT COMMENT '自增Id',
  `Key` varchar(64) NOT NULL DEFAULT 'default' COMMENT '配置项Key',
  `Cluster` varchar(32) NOT NULL DEFAULT 'default' COMMENT '配置对应的集群，default为不针对特定的集群',
  `Value` varchar(2048) NOT NULL DEFAULT 'default' COMMENT '配置项值',
  `Comment` varchar(1024) DEFAULT '' COMMENT '注释',
  `IsDeleted` bit(1) NOT NULL DEFAULT b'0' COMMENT '1: deleted, 0: normal',
  `DataChange_CreatedBy` varchar(32) NOT NULL DEFAULT 'default' COMMENT '创建人邮箱前缀',
  `DataChange_CreatedTime` timestamp NOT NULL DEFAULT CURRENT_TIMESTAMP COMMENT '创建时间',
  `DataChange_LastModifiedBy` varchar(32) DEFAULT '' COMMENT '最后修改人邮箱前缀',
  `DataChange_LastTime` timestamp NULL DEFAULT CURRENT_TIMESTAMP ON UPDATE CURRENT_TIMESTAMP COMMENT '最后修改时间',
  PRIMARY KEY (`Id`),
  KEY `IX_Key` (`Key`),
  KEY `DataChange_LastTime` (`DataChange_LastTime`)
) ENGINE=InnoDB AUTO_INCREMENT=6 DEFAULT CHARSET=utf8mb4 COLLATE=utf8mb4_0900_ai_ci COMMENT='配置服务自身配置';

-- ----------------------------
--  Records 
-- ----------------------------
INSERT INTO `App` VALUES ('1','jobplatform','Job调度平台','UT01602','IT架构部','0002551','caizhaoquan@uni-top.com','\0','0002551','2019-10-09 16:40:13','0002551','2019-10-10 14:43:16'), ('4','unitopsso','统一登陆系统','UT01602','IT架构部','0002551','caizhaoquan@uni-top.com','\0','0002551','2019-10-09 17:44:27','0002551','2019-10-09 17:44:27'), ('5','10000001','雅典娜承包区算费','UT01602','IT架构部','0002551','caizhaoquan@uni-top.com','\0','0002551','2019-10-09 17:56:58','0002551','2019-10-09 17:56:58'), ('6','10000002','Demo应用','UT01602','IT架构部','0002551','caizhaoquan@uni-top.com','\0','0002551','2019-10-10 14:58:38','0002551','2019-10-10 14:58:38'), ('7','100003173','配置中心管理','UT01602','IT架构部','0002551','caizhaoquan@uni-top.com','\0','蔡昭全(0002551)','2019-10-12 13:41:46','蔡昭全(0002551)','2019-10-12 13:41:46');
INSERT INTO `AppNamespace` VALUES ('1','application','jobplatform','properties','\0','default app namespace','\0','0002551','2019-10-09 16:40:04','0002551','2019-10-09 16:40:04'), ('4','application','unitopsso','properties','\0','default app namespace','\0','0002551','2019-10-09 17:44:17','0002551','2019-10-09 17:44:17'), ('5','application','10000001','properties','\0','default app namespace','\0','0002551','2019-10-09 17:56:48','0002551','2019-10-09 17:56:48'), ('6','jobPrivate','jobplatform','properties','\0','Job私有配置','','0002551','2019-10-10 14:28:47','蔡昭全(0002551)','2019-10-14 11:21:00'), ('7','application','10000002','properties','\0','default app namespace','\0','0002551','2019-10-10 14:58:28','0002551','2019-10-10 14:58:28'), ('8','application','100003173','properties','\0','default app namespace','\0','蔡昭全(0002551)','2019-10-12 13:41:36','蔡昭全(0002551)','2019-10-12 13:41:36'), ('9','redis','100003173','properties','\0','Redis配置','\0','蔡昭全(0002551)','2019-10-12 13:42:26','蔡昭全(0002551)','2019-10-12 13:42:26'), ('10','redis','jobplatform','properties','\0','','\0','蔡昭全(0002551)','2019-10-14 11:14:47','蔡昭全(0002551)','2019-10-14 11:14:47'), ('11','redis','unitopsso','properties','\0','','\0','蔡昭全(0002551)','2019-10-16 14:13:03','蔡昭全(0002551)','2019-10-16 14:13:03');
INSERT INTO `Audit` VALUES ('1','Item','1','INSERT',NULL,'\0','0002551','2019-10-11 09:00:24',NULL,'2019-10-11 09:00:24'), ('2','Item','2','INSERT',NULL,'\0','0002551','2019-10-11 16:05:26',NULL,'2019-10-11 16:05:26'), ('3','Item','3','INSERT',NULL,'\0','0002551','2019-10-11 16:05:26',NULL,'2019-10-11 16:05:26'), ('4','Item','4','INSERT',NULL,'\0','0002551','2019-10-11 16:05:26',NULL,'2019-10-11 16:05:26'), ('5','Item','5','INSERT',NULL,'\0','0002551','2019-10-11 16:05:27',NULL,'2019-10-11 16:05:27'), ('6','Item','6','INSERT',NULL,'\0','0002551','2019-10-11 16:05:27',NULL,'2019-10-11 16:05:27'), ('7','Item','7','INSERT',NULL,'\0','0002551','2019-10-11 16:05:27',NULL,'2019-10-11 16:05:27'), ('8','Item','8','INSERT',NULL,'\0','0002551','2019-10-11 16:05:27',NULL,'2019-10-11 16:05:27'), ('9','Item','9','INSERT',NULL,'\0','0002551','2019-10-11 16:05:27',NULL,'2019-10-11 16:05:27'), ('10','Item','10','INSERT',NULL,'\0','0002551','2019-10-11 16:05:27',NULL,'2019-10-11 16:05:27'), ('11','Item','11','INSERT',NULL,'\0','0002551','2019-10-11 16:05:27',NULL,'2019-10-11 16:05:27'), ('12','Item','12','INSERT',NULL,'\0','0002551','2019-10-11 16:05:27',NULL,'2019-10-11 16:05:27'), ('13','Item','13','INSERT',NULL,'\0','0002551','2019-10-11 16:05:27',NULL,'2019-10-11 16:05:27'), ('14','Item','14','INSERT',NULL,'\0','0002551','2019-10-11 16:05:27',NULL,'2019-10-11 16:05:27'), ('15','Item','15','INSERT',NULL,'\0','0002551','2019-10-11 16:05:27',NULL,'2019-10-11 16:05:27'), ('16','Item','16','INSERT',NULL,'\0','0002551','2019-10-11 16:05:27',NULL,'2019-10-11 16:05:27'), ('17','Item','17','INSERT',NULL,'\0','0002551','2019-10-11 16:05:27',NULL,'2019-10-11 16:05:27'), ('18','Item','18','INSERT',NULL,'\0','0002551','2019-10-11 16:05:27',NULL,'2019-10-11 16:05:27'), ('19','Item','19','INSERT',NULL,'\0','0002551','2019-10-11 16:05:27',NULL,'2019-10-11 16:05:27'), ('20','Item','20','INSERT',NULL,'\0','0002551','2019-10-11 16:05:27',NULL,'2019-10-11 16:05:27'), ('21','Item','21','INSERT',NULL,'\0','0002551','2019-10-11 16:05:27',NULL,'2019-10-11 16:05:27'), ('22','Item','22','INSERT',NULL,'\0','0002551','2019-10-11 16:05:27',NULL,'2019-10-11 16:05:27'), ('23','Item','23','INSERT',NULL,'\0','0002551','2019-10-11 16:05:27',NULL,'2019-10-11 16:05:27'), ('24','Item','24','INSERT',NULL,'\0','0002551','2019-10-11 16:05:27',NULL,'2019-10-11 16:05:27'), ('25','Item','25','INSERT',NULL,'\0','0002551','2019-10-11 16:05:27',NULL,'2019-10-11 16:05:27'), ('26','Item','26','INSERT',NULL,'\0','0002551','2019-10-11 16:05:27',NULL,'2019-10-11 16:05:27'), ('27','Item','27','INSERT',NULL,'\0','0002551','2019-10-11 16:05:27',NULL,'2019-10-11 16:05:27'), ('28','Item','28','INSERT',NULL,'\0','0002551','2019-10-11 16:05:27',NULL,'2019-10-11 16:05:27'), ('29','Item','29','INSERT',NULL,'\0','0002551','2019-10-11 16:05:27',NULL,'2019-10-11 16:05:27'), ('30','Item','30','INSERT',NULL,'\0','0002551','2019-10-11 16:05:27',NULL,'2019-10-11 16:05:27'), ('31','ItemSet',NULL,'INSERT',NULL,'\0','0002551','2019-10-11 16:05:27',NULL,'2019-10-11 16:05:27'), ('32','Item','31','INSERT',NULL,'\0','0002551','2019-10-11 16:06:31',NULL,'2019-10-11 16:06:31'), ('33','ItemSet',NULL,'INSERT',NULL,'\0','0002551','2019-10-11 16:06:31',NULL,'2019-10-11 16:06:31'), ('34','Item','3','UPDATE',NULL,'\0','0002551','2019-10-11 16:06:31',NULL,'2019-10-11 16:06:31'), ('35','Item','4','UPDATE',NULL,'\0','0002551','2019-10-11 16:06:31',NULL,'2019-10-11 16:06:31'), ('36','Item','5','UPDATE',NULL,'\0','0002551','2019-10-11 16:06:31',NULL,'2019-10-11 16:06:31'), ('37','Item','6','UPDATE',NULL,'\0','0002551','2019-10-11 16:06:31',NULL,'2019-10-11 16:06:31'), ('38','Item','7','UPDATE',NULL,'\0','0002551','2019-10-11 16:06:31',NULL,'2019-10-11 16:06:31'), ('39','Item','8','UPDATE',NULL,'\0','0002551','2019-10-11 16:06:31',NULL,'2019-10-11 16:06:31'), ('40','Item','9','UPDATE',NULL,'\0','0002551','2019-10-11 16:06:31',NULL,'2019-10-11 16:06:31'), ('41','Item','10','UPDATE',NULL,'\0','0002551','2019-10-11 16:06:31',NULL,'2019-10-11 16:06:31'), ('42','Item','11','UPDATE',NULL,'\0','0002551','2019-10-11 16:06:31',NULL,'2019-10-11 16:06:31'), ('43','Item','12','UPDATE',NULL,'\0','0002551','2019-10-11 16:06:31',NULL,'2019-10-11 16:06:31'), ('44','Item','13','UPDATE',NULL,'\0','0002551','2019-10-11 16:06:31',NULL,'2019-10-11 16:06:31'), ('45','Item','14','UPDATE',NULL,'\0','0002551','2019-10-11 16:06:32',NULL,'2019-10-11 16:06:32'), ('46','Item','15','UPDATE',NULL,'\0','0002551','2019-10-11 16:06:32',NULL,'2019-10-11 16:06:32'), ('47','Item','16','UPDATE',NULL,'\0','0002551','2019-10-11 16:06:32',NULL,'2019-10-11 16:06:32'), ('48','Item','17','UPDATE',NULL,'\0','0002551','2019-10-11 16:06:32',NULL,'2019-10-11 16:06:32'), ('49','Item','18','UPDATE',NULL,'\0','0002551','2019-10-11 16:06:32',NULL,'2019-10-11 16:06:32'), ('50','Item','19','UPDATE',NULL,'\0','0002551','2019-10-11 16:06:32',NULL,'2019-10-11 16:06:32'), ('51','Item','20','UPDATE',NULL,'\0','0002551','2019-10-11 16:06:32',NULL,'2019-10-11 16:06:32'), ('52','Item','21','UPDATE',NULL,'\0','0002551','2019-10-11 16:06:32',NULL,'2019-10-11 16:06:32'), ('53','Item','22','UPDATE',NULL,'\0','0002551','2019-10-11 16:06:32',NULL,'2019-10-11 16:06:32'), ('54','Item','23','UPDATE',NULL,'\0','0002551','2019-10-11 16:06:32',NULL,'2019-10-11 16:06:32'), ('55','Item','24','UPDATE',NULL,'\0','0002551','2019-10-11 16:06:32',NULL,'2019-10-11 16:06:32'), ('56','Item','25','UPDATE',NULL,'\0','0002551','2019-10-11 16:06:32',NULL,'2019-10-11 16:06:32'), ('57','Item','26','UPDATE',NULL,'\0','0002551','2019-10-11 16:06:32',NULL,'2019-10-11 16:06:32'), ('58','Item','27','UPDATE',NULL,'\0','0002551','2019-10-11 16:06:32',NULL,'2019-10-11 16:06:32'), ('59','Item','28','UPDATE',NULL,'\0','0002551','2019-10-11 16:06:32',NULL,'2019-10-11 16:06:32'), ('60','Item','29','UPDATE',NULL,'\0','0002551','2019-10-11 16:06:32',NULL,'2019-10-11 16:06:32'), ('61','Item','30','UPDATE',NULL,'\0','0002551','2019-10-11 16:06:32',NULL,'2019-10-11 16:06:32'), ('62','ItemSet',NULL,'UPDATE',NULL,'\0','0002551','2019-10-11 16:06:32',NULL,'2019-10-11 16:06:32'), ('63','Item','32','INSERT',NULL,'\0','蔡昭全(0002551)','2019-10-11 16:06:56',NULL,'2019-10-11 16:06:56'), ('64','Item','31','UPDATE',NULL,'\0','蔡昭全(0002551)','2019-10-11 16:18:52',NULL,'2019-10-11 16:18:52'), ('65','Item','31','DELETE',NULL,'\0','蔡昭全(0002551)','2019-10-11 16:19:10',NULL,'2019-10-11 16:19:10'), ('66','Item','32','DELETE',NULL,'\0','蔡昭全(0002551)','2019-10-11 16:19:15',NULL,'2019-10-11 16:19:15'), ('67','Item','2','UPDATE',NULL,'\0','蔡昭全(0002551)','2019-10-11 16:19:23',NULL,'2019-10-11 16:19:23'), ('68','Item','3','UPDATE',NULL,'\0','蔡昭全(0002551)','2019-10-11 16:19:38',NULL,'2019-10-11 16:19:38'), ('69','Item','4','UPDATE',NULL,'\0','蔡昭全(0002551)','2019-10-11 16:19:38',NULL,'2019-10-11 16:19:38'), ('70','Item','5','UPDATE',NULL,'\0','蔡昭全(0002551)','2019-10-11 16:19:38',NULL,'2019-10-11 16:19:38'), ('71','Item','6','UPDATE',NULL,'\0','蔡昭全(0002551)','2019-10-11 16:19:38',NULL,'2019-10-11 16:19:38'), ('72','Item','7','UPDATE',NULL,'\0','蔡昭全(0002551)','2019-10-11 16:19:38',NULL,'2019-10-11 16:19:38'), ('73','Item','8','UPDATE',NULL,'\0','蔡昭全(0002551)','2019-10-11 16:19:38',NULL,'2019-10-11 16:19:38'), ('74','Item','9','UPDATE',NULL,'\0','蔡昭全(0002551)','2019-10-11 16:19:38',NULL,'2019-10-11 16:19:38'), ('75','Item','10','UPDATE',NULL,'\0','蔡昭全(0002551)','2019-10-11 16:19:38',NULL,'2019-10-11 16:19:38'), ('76','Item','11','UPDATE',NULL,'\0','蔡昭全(0002551)','2019-10-11 16:19:38',NULL,'2019-10-11 16:19:38'), ('77','Item','12','UPDATE',NULL,'\0','蔡昭全(0002551)','2019-10-11 16:19:38',NULL,'2019-10-11 16:19:38'), ('78','Item','13','UPDATE',NULL,'\0','蔡昭全(0002551)','2019-10-11 16:19:38',NULL,'2019-10-11 16:19:38'), ('79','Item','14','UPDATE',NULL,'\0','蔡昭全(0002551)','2019-10-11 16:19:38',NULL,'2019-10-11 16:19:38'), ('80','Item','15','UPDATE',NULL,'\0','蔡昭全(0002551)','2019-10-11 16:19:38',NULL,'2019-10-11 16:19:38'), ('81','Item','16','UPDATE',NULL,'\0','蔡昭全(0002551)','2019-10-11 16:19:38',NULL,'2019-10-11 16:19:38'), ('82','Item','17','UPDATE',NULL,'\0','蔡昭全(0002551)','2019-10-11 16:19:38',NULL,'2019-10-11 16:19:38'), ('83','Item','18','UPDATE',NULL,'\0','蔡昭全(0002551)','2019-10-11 16:19:38',NULL,'2019-10-11 16:19:38'), ('84','Item','19','UPDATE',NULL,'\0','蔡昭全(0002551)','2019-10-11 16:19:38',NULL,'2019-10-11 16:19:38'), ('85','Item','20','UPDATE',NULL,'\0','蔡昭全(0002551)','2019-10-11 16:19:38',NULL,'2019-10-11 16:19:38'), ('86','Item','21','UPDATE',NULL,'\0','蔡昭全(0002551)','2019-10-11 16:19:38',NULL,'2019-10-11 16:19:38'), ('87','Item','22','UPDATE',NULL,'\0','蔡昭全(0002551)','2019-10-11 16:19:38',NULL,'2019-10-11 16:19:38'), ('88','Item','23','UPDATE',NULL,'\0','蔡昭全(0002551)','2019-10-11 16:19:38',NULL,'2019-10-11 16:19:38'), ('89','Item','24','UPDATE',NULL,'\0','蔡昭全(0002551)','2019-10-11 16:19:38',NULL,'2019-10-11 16:19:38'), ('90','Item','25','UPDATE',NULL,'\0','蔡昭全(0002551)','2019-10-11 16:19:38',NULL,'2019-10-11 16:19:38'), ('91','Item','26','UPDATE',NULL,'\0','蔡昭全(0002551)','2019-10-11 16:19:38',NULL,'2019-10-11 16:19:38'), ('92','Item','27','UPDATE',NULL,'\0','蔡昭全(0002551)','2019-10-11 16:19:38',NULL,'2019-10-11 16:19:38'), ('93','Item','28','UPDATE',NULL,'\0','蔡昭全(0002551)','2019-10-11 16:19:38',NULL,'2019-10-11 16:19:38'), ('94','Item','29','UPDATE',NULL,'\0','蔡昭全(0002551)','2019-10-11 16:19:38',NULL,'2019-10-11 16:19:38'), ('95','Item','30','UPDATE',NULL,'\0','蔡昭全(0002551)','2019-10-11 16:19:38',NULL,'2019-10-11 16:19:38'), ('96','ItemSet',NULL,'UPDATE',NULL,'\0','蔡昭全(0002551)','2019-10-11 16:19:38',NULL,'2019-10-11 16:19:38'), ('97','Release','1','INSERT',NULL,'\0','蔡昭全(0002551)','2019-10-11 16:44:37',NULL,'2019-10-11 16:44:37'), ('98','ReleaseHistory','1','INSERT',NULL,'\0','蔡昭全(0002551)','2019-10-11 16:44:37',NULL,'2019-10-11 16:44:37'), ('99','Cluster','7','INSERT',NULL,'\0','蔡昭全(0002551)','2019-10-11 16:45:35',NULL,'2019-10-11 16:45:35'), ('100','Namespace','8','INSERT',NULL,'\0','蔡昭全(0002551)','2019-10-11 16:45:35',NULL,'2019-10-11 16:45:35');
INSERT INTO `Audit` VALUES ('101','Release','2','INSERT',NULL,'\0','蔡昭全(0002551)','2019-10-11 16:45:48',NULL,'2019-10-11 16:45:48'), ('102','ReleaseHistory','2','INSERT',NULL,'\0','蔡昭全(0002551)','2019-10-11 16:45:48',NULL,'2019-10-11 16:45:48'), ('103','Release','3','INSERT',NULL,'\0','蔡昭全(0002551)','2019-10-11 16:45:48',NULL,'2019-10-11 16:45:48'), ('104','ReleaseHistory','3','INSERT',NULL,'\0','蔡昭全(0002551)','2019-10-11 16:45:48',NULL,'2019-10-11 16:45:48'), ('105','Release','4','INSERT',NULL,'\0','蔡昭全(0002551)','2019-10-11 16:46:33',NULL,'2019-10-11 16:46:33'), ('106','ReleaseHistory','4','INSERT',NULL,'\0','蔡昭全(0002551)','2019-10-11 16:46:33',NULL,'2019-10-11 16:46:33'), ('107','Item','6','UPDATE',NULL,'\0','蔡昭全(0002551)','2019-10-11 17:12:27',NULL,'2019-10-11 17:12:27'), ('108','Item','8','UPDATE',NULL,'\0','蔡昭全(0002551)','2019-10-11 17:12:27',NULL,'2019-10-11 17:12:27'), ('109','ItemSet',NULL,'UPDATE',NULL,'\0','蔡昭全(0002551)','2019-10-11 17:12:27',NULL,'2019-10-11 17:12:27'), ('110','Release','5','INSERT',NULL,'\0','蔡昭全(0002551)','2019-10-11 17:12:33',NULL,'2019-10-11 17:12:33'), ('111','ReleaseHistory','5','INSERT',NULL,'\0','蔡昭全(0002551)','2019-10-11 17:12:33',NULL,'2019-10-11 17:12:33'), ('112','Release','6','INSERT',NULL,'\0','蔡昭全(0002551)','2019-10-11 17:12:33',NULL,'2019-10-11 17:12:33'), ('113','ReleaseHistory','6','INSERT',NULL,'\0','蔡昭全(0002551)','2019-10-11 17:12:33',NULL,'2019-10-11 17:12:33'), ('114','ReleaseHistory','7','INSERT',NULL,'\0','蔡昭全(0002551)','2019-10-11 17:14:10',NULL,'2019-10-11 17:14:10'), ('115','Item','33','INSERT',NULL,'\0','蔡昭全(0002551)','2019-10-11 17:16:19',NULL,'2019-10-11 17:16:19'), ('116','Item','34','INSERT',NULL,'\0','蔡昭全(0002551)','2019-10-11 17:16:36',NULL,'2019-10-11 17:16:36'), ('117','Item','35','INSERT',NULL,'\0','蔡昭全(0002551)','2019-10-11 17:16:51',NULL,'2019-10-11 17:16:51'), ('118','Release','7','INSERT',NULL,'\0','蔡昭全(0002551)','2019-10-11 17:17:10',NULL,'2019-10-11 17:17:10'), ('119','ReleaseHistory','8','INSERT',NULL,'\0','蔡昭全(0002551)','2019-10-11 17:17:10',NULL,'2019-10-11 17:17:10'), ('120','Namespace','8','DELETE',NULL,'\0','蔡昭全(0002551)','2019-10-11 17:17:34',NULL,'2019-10-11 17:17:34'), ('121','Cluster','7','DELETE',NULL,'\0','蔡昭全(0002551)','2019-10-11 17:17:34',NULL,'2019-10-11 17:17:34'), ('122','ReleaseHistory','9','INSERT',NULL,'\0','蔡昭全(0002551)','2019-10-11 17:17:34',NULL,'2019-10-11 17:17:34'), ('123','Branch','7','DELETE',NULL,'\0','蔡昭全(0002551)','2019-10-11 17:17:34',NULL,'2019-10-11 17:17:34'), ('124','App','7','INSERT',NULL,'\0','蔡昭全(0002551)','2019-10-12 13:41:36',NULL,'2019-10-12 13:41:36'), ('125','AppNamespace','8','INSERT',NULL,'\0','蔡昭全(0002551)','2019-10-12 13:41:36',NULL,'2019-10-12 13:41:36'), ('126','Cluster','8','INSERT',NULL,'\0','蔡昭全(0002551)','2019-10-12 13:41:36',NULL,'2019-10-12 13:41:36'), ('127','Namespace','9','INSERT',NULL,'\0','蔡昭全(0002551)','2019-10-12 13:41:36',NULL,'2019-10-12 13:41:36'), ('128','Namespace','10','INSERT',NULL,'\0','蔡昭全(0002551)','2019-10-12 13:42:16',NULL,'2019-10-12 13:42:16'), ('129','AppNamespace','9','INSERT',NULL,'\0','蔡昭全(0002551)','2019-10-12 13:42:16',NULL,'2019-10-12 13:42:16'), ('130','Item','36','INSERT',NULL,'\0','蔡昭全(0002551)','2019-10-14 08:43:00',NULL,'2019-10-14 08:43:00'), ('131','Item','37','INSERT',NULL,'\0','蔡昭全(0002551)','2019-10-14 08:43:00',NULL,'2019-10-14 08:43:00'), ('132','Item','38','INSERT',NULL,'\0','蔡昭全(0002551)','2019-10-14 08:43:00',NULL,'2019-10-14 08:43:00'), ('133','Item','39','INSERT',NULL,'\0','蔡昭全(0002551)','2019-10-14 08:43:00',NULL,'2019-10-14 08:43:00'), ('134','Item','40','INSERT',NULL,'\0','蔡昭全(0002551)','2019-10-14 08:43:00',NULL,'2019-10-14 08:43:00'), ('135','Item','41','INSERT',NULL,'\0','蔡昭全(0002551)','2019-10-14 08:43:00',NULL,'2019-10-14 08:43:00'), ('136','Item','42','INSERT',NULL,'\0','蔡昭全(0002551)','2019-10-14 08:43:00',NULL,'2019-10-14 08:43:00'), ('137','Item','43','INSERT',NULL,'\0','蔡昭全(0002551)','2019-10-14 08:43:00',NULL,'2019-10-14 08:43:00'), ('138','Item','44','INSERT',NULL,'\0','蔡昭全(0002551)','2019-10-14 08:43:00',NULL,'2019-10-14 08:43:00'), ('139','Item','45','INSERT',NULL,'\0','蔡昭全(0002551)','2019-10-14 08:43:00',NULL,'2019-10-14 08:43:00'), ('140','Item','46','INSERT',NULL,'\0','蔡昭全(0002551)','2019-10-14 08:43:00',NULL,'2019-10-14 08:43:00'), ('141','Item','47','INSERT',NULL,'\0','蔡昭全(0002551)','2019-10-14 08:43:00',NULL,'2019-10-14 08:43:00'), ('142','Item','48','INSERT',NULL,'\0','蔡昭全(0002551)','2019-10-14 08:43:00',NULL,'2019-10-14 08:43:00'), ('143','Item','49','INSERT',NULL,'\0','蔡昭全(0002551)','2019-10-14 08:43:00',NULL,'2019-10-14 08:43:00'), ('144','Item','50','INSERT',NULL,'\0','蔡昭全(0002551)','2019-10-14 08:43:00',NULL,'2019-10-14 08:43:00'), ('145','Item','51','INSERT',NULL,'\0','蔡昭全(0002551)','2019-10-14 08:43:00',NULL,'2019-10-14 08:43:00'), ('146','Item','52','INSERT',NULL,'\0','蔡昭全(0002551)','2019-10-14 08:43:00',NULL,'2019-10-14 08:43:00'), ('147','Item','53','INSERT',NULL,'\0','蔡昭全(0002551)','2019-10-14 08:43:00',NULL,'2019-10-14 08:43:00'), ('148','ItemSet',NULL,'INSERT',NULL,'\0','蔡昭全(0002551)','2019-10-14 08:43:00',NULL,'2019-10-14 08:43:00'), ('149','Release','8','INSERT',NULL,'\0','蔡昭全(0002551)','2019-10-14 08:43:11',NULL,'2019-10-14 08:43:11'), ('150','ReleaseHistory','10','INSERT',NULL,'\0','蔡昭全(0002551)','2019-10-14 08:43:11',NULL,'2019-10-14 08:43:11'), ('151','Release','9','INSERT',NULL,'\0','蔡昭全(0002551)','2019-10-14 09:01:37',NULL,'2019-10-14 09:01:37'), ('152','ReleaseHistory','11','INSERT',NULL,'\0','蔡昭全(0002551)','2019-10-14 09:01:37',NULL,'2019-10-14 09:01:37'), ('153','Namespace','6','DELETE',NULL,'\0','蔡昭全(0002551)','2019-10-14 11:14:04',NULL,'2019-10-14 11:14:04'), ('154','Namespace','11','INSERT',NULL,'\0','蔡昭全(0002551)','2019-10-14 11:14:37',NULL,'2019-10-14 11:14:37'), ('155','AppNamespace','10','INSERT',NULL,'\0','蔡昭全(0002551)','2019-10-14 11:14:37',NULL,'2019-10-14 11:14:37'), ('156','Item','54','INSERT',NULL,'\0','蔡昭全(0002551)','2019-10-14 11:15:08',NULL,'2019-10-14 11:15:08'), ('157','Item','55','INSERT',NULL,'\0','蔡昭全(0002551)','2019-10-14 11:15:08',NULL,'2019-10-14 11:15:08'), ('158','Item','56','INSERT',NULL,'\0','蔡昭全(0002551)','2019-10-14 11:15:08',NULL,'2019-10-14 11:15:08'), ('159','ItemSet',NULL,'INSERT',NULL,'\0','蔡昭全(0002551)','2019-10-14 11:15:08',NULL,'2019-10-14 11:15:08'), ('160','Release','10','INSERT',NULL,'\0','蔡昭全(0002551)','2019-10-14 11:15:12',NULL,'2019-10-14 11:15:12'), ('161','ReleaseHistory','12','INSERT',NULL,'\0','蔡昭全(0002551)','2019-10-14 11:15:12',NULL,'2019-10-14 11:15:12'), ('162','Release','11','INSERT',NULL,'\0','蔡昭全(0002551)','2019-10-14 11:16:12',NULL,'2019-10-14 11:16:12'), ('163','ReleaseHistory','13','INSERT',NULL,'\0','蔡昭全(0002551)','2019-10-14 11:16:12',NULL,'2019-10-14 11:16:12'), ('164','Item','54','UPDATE',NULL,'\0','蔡昭全(0002551)','2019-10-14 11:35:43',NULL,'2019-10-14 11:35:43'), ('165','Release','12','INSERT',NULL,'\0','蔡昭全(0002551)','2019-10-14 11:35:49',NULL,'2019-10-14 11:35:49'), ('166','ReleaseHistory','14','INSERT',NULL,'\0','蔡昭全(0002551)','2019-10-14 11:35:49',NULL,'2019-10-14 11:35:49'), ('167','Item','1','UPDATE',NULL,'\0','蔡昭全(0002551)','2019-10-14 13:39:44',NULL,'2019-10-14 13:39:44'), ('168','Item','1','UPDATE',NULL,'\0','蔡昭全(0002551)','2019-10-14 13:39:52',NULL,'2019-10-14 13:39:52'), ('169','Item','1','UPDATE',NULL,'\0','蔡昭全(0002551)','2019-10-14 13:45:02',NULL,'2019-10-14 13:45:02'), ('170','Item','54','UPDATE',NULL,'\0','蔡昭全(0002551)','2019-10-14 13:46:45',NULL,'2019-10-14 13:46:45'), ('171','Release','13','INSERT',NULL,'\0','蔡昭全(0002551)','2019-10-14 13:46:49',NULL,'2019-10-14 13:46:49'), ('172','ReleaseHistory','15','INSERT',NULL,'\0','蔡昭全(0002551)','2019-10-14 13:46:49',NULL,'2019-10-14 13:46:49'), ('173','Item','57','INSERT',NULL,'\0','蔡昭全(0002551)','2019-10-15 15:55:03',NULL,'2019-10-15 15:55:03'), ('174','Item','58','INSERT',NULL,'\0','蔡昭全(0002551)','2019-10-15 15:55:03',NULL,'2019-10-15 15:55:03'), ('175','Item','59','INSERT',NULL,'\0','蔡昭全(0002551)','2019-10-15 15:55:03',NULL,'2019-10-15 15:55:03'), ('176','Item','60','INSERT',NULL,'\0','蔡昭全(0002551)','2019-10-15 15:55:03',NULL,'2019-10-15 15:55:03'), ('177','Item','61','INSERT',NULL,'\0','蔡昭全(0002551)','2019-10-15 15:55:03',NULL,'2019-10-15 15:55:03'), ('178','Item','62','INSERT',NULL,'\0','蔡昭全(0002551)','2019-10-15 15:55:03',NULL,'2019-10-15 15:55:03'), ('179','Item','63','INSERT',NULL,'\0','蔡昭全(0002551)','2019-10-15 15:55:03',NULL,'2019-10-15 15:55:03'), ('180','Item','64','INSERT',NULL,'\0','蔡昭全(0002551)','2019-10-15 15:55:03',NULL,'2019-10-15 15:55:03'), ('181','Item','65','INSERT',NULL,'\0','蔡昭全(0002551)','2019-10-15 15:55:03',NULL,'2019-10-15 15:55:03'), ('182','Item','66','INSERT',NULL,'\0','蔡昭全(0002551)','2019-10-15 15:55:03',NULL,'2019-10-15 15:55:03'), ('183','Item','67','INSERT',NULL,'\0','蔡昭全(0002551)','2019-10-15 15:55:03',NULL,'2019-10-15 15:55:03'), ('184','Item','68','INSERT',NULL,'\0','蔡昭全(0002551)','2019-10-15 15:55:03',NULL,'2019-10-15 15:55:03'), ('185','Item','69','INSERT',NULL,'\0','蔡昭全(0002551)','2019-10-15 15:55:03',NULL,'2019-10-15 15:55:03'), ('186','Item','70','INSERT',NULL,'\0','蔡昭全(0002551)','2019-10-15 15:55:03',NULL,'2019-10-15 15:55:03'), ('187','Item','71','INSERT',NULL,'\0','蔡昭全(0002551)','2019-10-15 15:55:03',NULL,'2019-10-15 15:55:03'), ('188','Item','72','INSERT',NULL,'\0','蔡昭全(0002551)','2019-10-15 15:55:03',NULL,'2019-10-15 15:55:03'), ('189','Item','73','INSERT',NULL,'\0','蔡昭全(0002551)','2019-10-15 15:55:03',NULL,'2019-10-15 15:55:03'), ('190','Item','74','INSERT',NULL,'\0','蔡昭全(0002551)','2019-10-15 15:55:03',NULL,'2019-10-15 15:55:03'), ('191','Item','75','INSERT',NULL,'\0','蔡昭全(0002551)','2019-10-15 15:55:03',NULL,'2019-10-15 15:55:03'), ('192','ItemSet',NULL,'INSERT',NULL,'\0','蔡昭全(0002551)','2019-10-15 15:55:03',NULL,'2019-10-15 15:55:03'), ('193','Item','57','UPDATE',NULL,'\0','蔡昭全(0002551)','2019-10-15 15:56:23',NULL,'2019-10-15 15:56:23'), ('194','Item','62','UPDATE',NULL,'\0','蔡昭全(0002551)','2019-10-15 15:56:23',NULL,'2019-10-15 15:56:23'), ('195','ItemSet',NULL,'UPDATE',NULL,'\0','蔡昭全(0002551)','2019-10-15 15:56:23',NULL,'2019-10-15 15:56:23'), ('196','Release','14','INSERT',NULL,'\0','蔡昭全(0002551)','2019-10-15 15:56:39',NULL,'2019-10-15 15:56:39'), ('197','ReleaseHistory','16','INSERT',NULL,'\0','蔡昭全(0002551)','2019-10-15 15:56:39',NULL,'2019-10-15 15:56:39'), ('198','Item','6','UPDATE',NULL,'\0','蔡昭全(0002551)','2019-10-15 17:13:54',NULL,'2019-10-15 17:13:54'), ('199','Item','7','UPDATE',NULL,'\0','蔡昭全(0002551)','2019-10-15 17:13:54',NULL,'2019-10-15 17:13:54'), ('200','Item','8','UPDATE',NULL,'\0','蔡昭全(0002551)','2019-10-15 17:13:54',NULL,'2019-10-15 17:13:54');
INSERT INTO `Audit` VALUES ('201','Item','13','UPDATE',NULL,'\0','蔡昭全(0002551)','2019-10-15 17:13:54',NULL,'2019-10-15 17:13:54'), ('202','Item','14','UPDATE',NULL,'\0','蔡昭全(0002551)','2019-10-15 17:13:54',NULL,'2019-10-15 17:13:54'), ('203','Item','15','UPDATE',NULL,'\0','蔡昭全(0002551)','2019-10-15 17:13:54',NULL,'2019-10-15 17:13:54'), ('204','ItemSet',NULL,'UPDATE',NULL,'\0','蔡昭全(0002551)','2019-10-15 17:13:54',NULL,'2019-10-15 17:13:54'), ('205','Release','15','INSERT',NULL,'\0','蔡昭全(0002551)','2019-10-15 17:13:58',NULL,'2019-10-15 17:13:58'), ('206','ReleaseHistory','17','INSERT',NULL,'\0','蔡昭全(0002551)','2019-10-15 17:13:58',NULL,'2019-10-15 17:13:58'), ('207','Item','8','UPDATE',NULL,'\0','蔡昭全(0002551)','2019-10-15 17:17:41',NULL,'2019-10-15 17:17:41'), ('208','ItemSet',NULL,'UPDATE',NULL,'\0','蔡昭全(0002551)','2019-10-15 17:17:41',NULL,'2019-10-15 17:17:41'), ('209','Release','16','INSERT',NULL,'\0','蔡昭全(0002551)','2019-10-15 17:17:46',NULL,'2019-10-15 17:17:46'), ('210','ReleaseHistory','18','INSERT',NULL,'\0','蔡昭全(0002551)','2019-10-15 17:17:46',NULL,'2019-10-15 17:17:46'), ('211','ReleaseHistory','19','INSERT',NULL,'\0','蔡昭全(0002551)','2019-10-15 17:22:01',NULL,'2019-10-15 17:22:01'), ('212','Item','36','UPDATE',NULL,'\0','蔡昭全(0002551)','2019-10-15 17:25:59',NULL,'2019-10-15 17:25:59'), ('213','Item','47','UPDATE',NULL,'\0','蔡昭全(0002551)','2019-10-15 17:25:59',NULL,'2019-10-15 17:25:59'), ('214','ItemSet',NULL,'UPDATE',NULL,'\0','蔡昭全(0002551)','2019-10-15 17:25:59',NULL,'2019-10-15 17:25:59'), ('215','Release','17','INSERT',NULL,'\0','蔡昭全(0002551)','2019-10-15 17:27:00',NULL,'2019-10-15 17:27:00'), ('216','ReleaseHistory','20','INSERT',NULL,'\0','蔡昭全(0002551)','2019-10-15 17:27:00',NULL,'2019-10-15 17:27:00'), ('217','Item','55','UPDATE',NULL,'\0','蔡昭全(0002551)','2019-10-15 17:27:40',NULL,'2019-10-15 17:27:40'), ('218','Item','56','UPDATE',NULL,'\0','蔡昭全(0002551)','2019-10-15 17:27:40',NULL,'2019-10-15 17:27:40'), ('219','Item','54','UPDATE',NULL,'\0','蔡昭全(0002551)','2019-10-15 17:27:40',NULL,'2019-10-15 17:27:40'), ('220','ItemSet',NULL,'UPDATE',NULL,'\0','蔡昭全(0002551)','2019-10-15 17:27:40',NULL,'2019-10-15 17:27:40'), ('221','Release','18','INSERT',NULL,'\0','蔡昭全(0002551)','2019-10-15 17:27:46',NULL,'2019-10-15 17:27:46'), ('222','ReleaseHistory','21','INSERT',NULL,'\0','蔡昭全(0002551)','2019-10-15 17:27:46',NULL,'2019-10-15 17:27:46'), ('223','Item','57','UPDATE',NULL,'\0','蔡昭全(0002551)','2019-10-15 17:34:04',NULL,'2019-10-15 17:34:04'), ('224','Item','61','UPDATE',NULL,'\0','蔡昭全(0002551)','2019-10-15 17:34:04',NULL,'2019-10-15 17:34:04'), ('225','Item','62','UPDATE',NULL,'\0','蔡昭全(0002551)','2019-10-15 17:34:04',NULL,'2019-10-15 17:34:04'), ('226','Item','75','UPDATE',NULL,'\0','蔡昭全(0002551)','2019-10-15 17:34:04',NULL,'2019-10-15 17:34:04'), ('227','ItemSet',NULL,'UPDATE',NULL,'\0','蔡昭全(0002551)','2019-10-15 17:34:04',NULL,'2019-10-15 17:34:04'), ('228','Release','19','INSERT',NULL,'\0','蔡昭全(0002551)','2019-10-15 17:40:47',NULL,'2019-10-15 17:40:47'), ('229','ReleaseHistory','22','INSERT',NULL,'\0','蔡昭全(0002551)','2019-10-15 17:40:47',NULL,'2019-10-15 17:40:47'), ('230','Release','20','INSERT',NULL,'\0','蔡昭全(0002551)','2019-10-16 08:54:48',NULL,'2019-10-16 08:54:48'), ('231','ReleaseHistory','23','INSERT',NULL,'\0','蔡昭全(0002551)','2019-10-16 08:54:48',NULL,'2019-10-16 08:54:48'), ('232','Release','21','INSERT',NULL,'\0','蔡昭全(0002551)','2019-10-16 08:57:54',NULL,'2019-10-16 08:57:54'), ('233','ReleaseHistory','24','INSERT',NULL,'\0','蔡昭全(0002551)','2019-10-16 08:57:54',NULL,'2019-10-16 08:57:54'), ('234','Release','22','INSERT',NULL,'\0','蔡昭全(0002551)','2019-10-16 08:58:31',NULL,'2019-10-16 08:58:31'), ('235','ReleaseHistory','25','INSERT',NULL,'\0','蔡昭全(0002551)','2019-10-16 08:58:31',NULL,'2019-10-16 08:58:31'), ('236','Release','23','INSERT',NULL,'\0','蔡昭全(0002551)','2019-10-16 08:58:51',NULL,'2019-10-16 08:58:51'), ('237','ReleaseHistory','26','INSERT',NULL,'\0','蔡昭全(0002551)','2019-10-16 08:58:51',NULL,'2019-10-16 08:58:51'), ('238','Item','76','INSERT',NULL,'\0','蔡昭全(0002551)','2019-10-16 14:11:18',NULL,'2019-10-16 14:11:18'), ('239','Item','77','INSERT',NULL,'\0','蔡昭全(0002551)','2019-10-16 14:11:18',NULL,'2019-10-16 14:11:18'), ('240','Item','78','INSERT',NULL,'\0','蔡昭全(0002551)','2019-10-16 14:11:18',NULL,'2019-10-16 14:11:18'), ('241','Item','79','INSERT',NULL,'\0','蔡昭全(0002551)','2019-10-16 14:11:18',NULL,'2019-10-16 14:11:18'), ('242','Item','80','INSERT',NULL,'\0','蔡昭全(0002551)','2019-10-16 14:11:18',NULL,'2019-10-16 14:11:18'), ('243','Item','81','INSERT',NULL,'\0','蔡昭全(0002551)','2019-10-16 14:11:18',NULL,'2019-10-16 14:11:18'), ('244','Item','82','INSERT',NULL,'\0','蔡昭全(0002551)','2019-10-16 14:11:18',NULL,'2019-10-16 14:11:18'), ('245','Item','83','INSERT',NULL,'\0','蔡昭全(0002551)','2019-10-16 14:11:18',NULL,'2019-10-16 14:11:18'), ('246','Item','84','INSERT',NULL,'\0','蔡昭全(0002551)','2019-10-16 14:11:18',NULL,'2019-10-16 14:11:18'), ('247','Item','85','INSERT',NULL,'\0','蔡昭全(0002551)','2019-10-16 14:11:18',NULL,'2019-10-16 14:11:18'), ('248','ItemSet',NULL,'INSERT',NULL,'\0','蔡昭全(0002551)','2019-10-16 14:11:18',NULL,'2019-10-16 14:11:18'), ('249','Release','24','INSERT',NULL,'\0','蔡昭全(0002551)','2019-10-16 14:11:28',NULL,'2019-10-16 14:11:28'), ('250','ReleaseHistory','27','INSERT',NULL,'\0','蔡昭全(0002551)','2019-10-16 14:11:28',NULL,'2019-10-16 14:11:28'), ('251','Namespace','12','INSERT',NULL,'\0','蔡昭全(0002551)','2019-10-16 14:12:52',NULL,'2019-10-16 14:12:52'), ('252','AppNamespace','11','INSERT',NULL,'\0','蔡昭全(0002551)','2019-10-16 14:12:52',NULL,'2019-10-16 14:12:52'), ('253','Item','86','INSERT',NULL,'\0','蔡昭全(0002551)','2019-10-16 14:36:39',NULL,'2019-10-16 14:36:39'), ('254','Item','87','INSERT',NULL,'\0','蔡昭全(0002551)','2019-10-16 14:36:39',NULL,'2019-10-16 14:36:39'), ('255','Item','88','INSERT',NULL,'\0','蔡昭全(0002551)','2019-10-16 14:36:39',NULL,'2019-10-16 14:36:39'), ('256','Item','89','INSERT',NULL,'\0','蔡昭全(0002551)','2019-10-16 14:36:39',NULL,'2019-10-16 14:36:39'), ('257','Item','90','INSERT',NULL,'\0','蔡昭全(0002551)','2019-10-16 14:36:39',NULL,'2019-10-16 14:36:39'), ('258','Item','91','INSERT',NULL,'\0','蔡昭全(0002551)','2019-10-16 14:36:39',NULL,'2019-10-16 14:36:39'), ('259','Item','92','INSERT',NULL,'\0','蔡昭全(0002551)','2019-10-16 14:36:39',NULL,'2019-10-16 14:36:39'), ('260','Item','93','INSERT',NULL,'\0','蔡昭全(0002551)','2019-10-16 14:36:39',NULL,'2019-10-16 14:36:39'), ('261','Item','94','INSERT',NULL,'\0','蔡昭全(0002551)','2019-10-16 14:36:39',NULL,'2019-10-16 14:36:39'), ('262','Item','95','INSERT',NULL,'\0','蔡昭全(0002551)','2019-10-16 14:36:39',NULL,'2019-10-16 14:36:39'), ('263','Item','96','INSERT',NULL,'\0','蔡昭全(0002551)','2019-10-16 14:36:39',NULL,'2019-10-16 14:36:39'), ('264','Item','97','INSERT',NULL,'\0','蔡昭全(0002551)','2019-10-16 14:36:39',NULL,'2019-10-16 14:36:39'), ('265','Item','98','INSERT',NULL,'\0','蔡昭全(0002551)','2019-10-16 14:36:39',NULL,'2019-10-16 14:36:39'), ('266','Item','99','INSERT',NULL,'\0','蔡昭全(0002551)','2019-10-16 14:36:39',NULL,'2019-10-16 14:36:39'), ('267','Item','100','INSERT',NULL,'\0','蔡昭全(0002551)','2019-10-16 14:36:39',NULL,'2019-10-16 14:36:39'), ('268','Item','101','INSERT',NULL,'\0','蔡昭全(0002551)','2019-10-16 14:36:39',NULL,'2019-10-16 14:36:39'), ('269','Item','102','INSERT',NULL,'\0','蔡昭全(0002551)','2019-10-16 14:36:39',NULL,'2019-10-16 14:36:39'), ('270','Item','103','INSERT',NULL,'\0','蔡昭全(0002551)','2019-10-16 14:36:39',NULL,'2019-10-16 14:36:39'), ('271','ItemSet',NULL,'INSERT',NULL,'\0','蔡昭全(0002551)','2019-10-16 14:36:39',NULL,'2019-10-16 14:36:39'), ('272','Item','99','UPDATE',NULL,'\0','蔡昭全(0002551)','2019-10-16 14:37:14',NULL,'2019-10-16 14:37:14'), ('273','ItemSet',NULL,'UPDATE',NULL,'\0','蔡昭全(0002551)','2019-10-16 14:37:14',NULL,'2019-10-16 14:37:14'), ('274','Release','25','INSERT',NULL,'\0','蔡昭全(0002551)','2019-10-16 14:37:20',NULL,'2019-10-16 14:37:20'), ('275','ReleaseHistory','28','INSERT',NULL,'\0','蔡昭全(0002551)','2019-10-16 14:37:20',NULL,'2019-10-16 14:37:20'), ('276','Item','104','INSERT',NULL,'\0','蔡昭全(0002551)','2019-10-17 11:32:37',NULL,'2019-10-17 11:32:37'), ('277','Item','105','INSERT',NULL,'\0','蔡昭全(0002551)','2019-10-17 11:32:37',NULL,'2019-10-17 11:32:37'), ('278','Item','106','INSERT',NULL,'\0','蔡昭全(0002551)','2019-10-17 11:32:37',NULL,'2019-10-17 11:32:37'), ('279','Item','107','INSERT',NULL,'\0','蔡昭全(0002551)','2019-10-17 11:32:37',NULL,'2019-10-17 11:32:37'), ('280','Item','108','INSERT',NULL,'\0','蔡昭全(0002551)','2019-10-17 11:32:37',NULL,'2019-10-17 11:32:37'), ('281','Item','109','INSERT',NULL,'\0','蔡昭全(0002551)','2019-10-17 11:32:37',NULL,'2019-10-17 11:32:37'), ('282','Item','110','INSERT',NULL,'\0','蔡昭全(0002551)','2019-10-17 11:32:37',NULL,'2019-10-17 11:32:37'), ('283','Item','111','INSERT',NULL,'\0','蔡昭全(0002551)','2019-10-17 11:32:37',NULL,'2019-10-17 11:32:37'), ('284','Item','112','INSERT',NULL,'\0','蔡昭全(0002551)','2019-10-17 11:32:37',NULL,'2019-10-17 11:32:37'), ('285','Item','113','INSERT',NULL,'\0','蔡昭全(0002551)','2019-10-17 11:32:37',NULL,'2019-10-17 11:32:37'), ('286','Item','114','INSERT',NULL,'\0','蔡昭全(0002551)','2019-10-17 11:32:37',NULL,'2019-10-17 11:32:37'), ('287','Item','115','INSERT',NULL,'\0','蔡昭全(0002551)','2019-10-17 11:32:37',NULL,'2019-10-17 11:32:37'), ('288','Item','116','INSERT',NULL,'\0','蔡昭全(0002551)','2019-10-17 11:32:37',NULL,'2019-10-17 11:32:37'), ('289','Item','117','INSERT',NULL,'\0','蔡昭全(0002551)','2019-10-17 11:32:37',NULL,'2019-10-17 11:32:37'), ('290','Item','118','INSERT',NULL,'\0','蔡昭全(0002551)','2019-10-17 11:32:37',NULL,'2019-10-17 11:32:37'), ('291','Item','119','INSERT',NULL,'\0','蔡昭全(0002551)','2019-10-17 11:32:37',NULL,'2019-10-17 11:32:37'), ('292','Item','120','INSERT',NULL,'\0','蔡昭全(0002551)','2019-10-17 11:32:37',NULL,'2019-10-17 11:32:37'), ('293','Item','121','INSERT',NULL,'\0','蔡昭全(0002551)','2019-10-17 11:32:37',NULL,'2019-10-17 11:32:37'), ('294','ItemSet',NULL,'INSERT',NULL,'\0','蔡昭全(0002551)','2019-10-17 11:32:37',NULL,'2019-10-17 11:32:37'), ('295','Item','122','INSERT',NULL,'\0','蔡昭全(0002551)','2019-10-17 11:33:34',NULL,'2019-10-17 11:33:34'), ('296','Item','123','INSERT',NULL,'\0','蔡昭全(0002551)','2019-10-17 11:33:34',NULL,'2019-10-17 11:33:34'), ('297','Item','124','INSERT',NULL,'\0','蔡昭全(0002551)','2019-10-17 11:33:34',NULL,'2019-10-17 11:33:34'), ('298','Item','125','INSERT',NULL,'\0','蔡昭全(0002551)','2019-10-17 11:33:34',NULL,'2019-10-17 11:33:34'), ('299','Item','126','INSERT',NULL,'\0','蔡昭全(0002551)','2019-10-17 11:33:34',NULL,'2019-10-17 11:33:34'), ('300','Item','127','INSERT',NULL,'\0','蔡昭全(0002551)','2019-10-17 11:33:34',NULL,'2019-10-17 11:33:34');
INSERT INTO `Audit` VALUES ('301','Item','128','INSERT',NULL,'\0','蔡昭全(0002551)','2019-10-17 11:33:34',NULL,'2019-10-17 11:33:34'), ('302','Item','129','INSERT',NULL,'\0','蔡昭全(0002551)','2019-10-17 11:33:34',NULL,'2019-10-17 11:33:34'), ('303','Item','130','INSERT',NULL,'\0','蔡昭全(0002551)','2019-10-17 11:33:34',NULL,'2019-10-17 11:33:34'), ('304','Item','131','INSERT',NULL,'\0','蔡昭全(0002551)','2019-10-17 11:33:34',NULL,'2019-10-17 11:33:34'), ('305','Item','132','INSERT',NULL,'\0','蔡昭全(0002551)','2019-10-17 11:33:34',NULL,'2019-10-17 11:33:34'), ('306','Item','133','INSERT',NULL,'\0','蔡昭全(0002551)','2019-10-17 11:33:34',NULL,'2019-10-17 11:33:34'), ('307','Item','134','INSERT',NULL,'\0','蔡昭全(0002551)','2019-10-17 11:33:34',NULL,'2019-10-17 11:33:34'), ('308','Item','135','INSERT',NULL,'\0','蔡昭全(0002551)','2019-10-17 11:33:34',NULL,'2019-10-17 11:33:34'), ('309','Item','136','INSERT',NULL,'\0','蔡昭全(0002551)','2019-10-17 11:33:34',NULL,'2019-10-17 11:33:34'), ('310','ItemSet',NULL,'INSERT',NULL,'\0','蔡昭全(0002551)','2019-10-17 11:33:34',NULL,'2019-10-17 11:33:34'), ('311','Item','110','UPDATE',NULL,'\0','蔡昭全(0002551)','2019-10-17 11:34:30',NULL,'2019-10-17 11:34:30'), ('312','Item','106','UPDATE',NULL,'\0','蔡昭全(0002551)','2019-10-17 11:35:41',NULL,'2019-10-17 11:35:41'), ('313','ItemSet',NULL,'UPDATE',NULL,'\0','蔡昭全(0002551)','2019-10-17 11:35:41',NULL,'2019-10-17 11:35:41'), ('314','Item','137','INSERT',NULL,'\0','蔡昭全(0002551)','2019-10-17 11:38:00',NULL,'2019-10-17 11:38:00'), ('315','Item','138','INSERT',NULL,'\0','蔡昭全(0002551)','2019-10-17 11:38:00',NULL,'2019-10-17 11:38:00'), ('316','Item','139','INSERT',NULL,'\0','蔡昭全(0002551)','2019-10-17 11:38:00',NULL,'2019-10-17 11:38:00'), ('317','ItemSet',NULL,'INSERT',NULL,'\0','蔡昭全(0002551)','2019-10-17 11:38:00',NULL,'2019-10-17 11:38:00'), ('318','Item','137','UPDATE',NULL,'\0','蔡昭全(0002551)','2019-10-17 11:40:16',NULL,'2019-10-17 11:40:16'), ('319','Item','138','UPDATE',NULL,'\0','蔡昭全(0002551)','2019-10-17 11:40:16',NULL,'2019-10-17 11:40:16'), ('320','Item','139','UPDATE',NULL,'\0','蔡昭全(0002551)','2019-10-17 11:40:16',NULL,'2019-10-17 11:40:16'), ('321','ItemSet',NULL,'UPDATE',NULL,'\0','蔡昭全(0002551)','2019-10-17 11:40:16',NULL,'2019-10-17 11:40:16'), ('322','Release','26','INSERT',NULL,'\0','蔡昭全(0002551)','2019-10-17 11:40:35',NULL,'2019-10-17 11:40:35'), ('323','ReleaseHistory','29','INSERT',NULL,'\0','蔡昭全(0002551)','2019-10-17 11:40:35',NULL,'2019-10-17 11:40:35'), ('324','Release','27','INSERT',NULL,'\0','蔡昭全(0002551)','2019-10-17 11:40:41',NULL,'2019-10-17 11:40:41'), ('325','ReleaseHistory','30','INSERT',NULL,'\0','蔡昭全(0002551)','2019-10-17 11:40:41',NULL,'2019-10-17 11:40:41'), ('326','Item','140','INSERT',NULL,'\0','蔡昭全(0002551)','2019-10-17 17:56:56',NULL,'2019-10-17 17:56:56'), ('327','Item','141','INSERT',NULL,'\0','蔡昭全(0002551)','2019-10-17 17:56:56',NULL,'2019-10-17 17:56:56'), ('328','ItemSet',NULL,'INSERT',NULL,'\0','蔡昭全(0002551)','2019-10-17 17:56:56',NULL,'2019-10-17 17:56:56'), ('329','Release','28','INSERT',NULL,'\0','蔡昭全(0002551)','2019-10-17 17:57:01',NULL,'2019-10-17 17:57:01'), ('330','ReleaseHistory','31','INSERT',NULL,'\0','蔡昭全(0002551)','2019-10-17 17:57:01',NULL,'2019-10-17 17:57:01'), ('331','Item','142','INSERT',NULL,'\0','蔡昭全(0002551)','2019-10-18 09:19:20',NULL,'2019-10-18 09:19:20'), ('332','ItemSet',NULL,'INSERT',NULL,'\0','蔡昭全(0002551)','2019-10-18 09:19:20',NULL,'2019-10-18 09:19:20'), ('333','Release','29','INSERT',NULL,'\0','蔡昭全(0002551)','2019-10-18 09:19:23',NULL,'2019-10-18 09:19:23'), ('334','ReleaseHistory','32','INSERT',NULL,'\0','蔡昭全(0002551)','2019-10-18 09:19:23',NULL,'2019-10-18 09:19:23'), ('335','Item','143','INSERT',NULL,'\0','蔡昭全(0002551)','2019-10-18 16:14:14',NULL,'2019-10-18 16:14:14'), ('336','ItemSet',NULL,'INSERT',NULL,'\0','蔡昭全(0002551)','2019-10-18 16:14:14',NULL,'2019-10-18 16:14:14'), ('337','Release','30','INSERT',NULL,'\0','蔡昭全(0002551)','2019-10-18 16:14:18',NULL,'2019-10-18 16:14:18'), ('338','ReleaseHistory','33','INSERT',NULL,'\0','蔡昭全(0002551)','2019-10-18 16:14:18',NULL,'2019-10-18 16:14:18'), ('339','Item','62','UPDATE',NULL,'\0','蔡昭全(0002551)','2019-11-01 13:43:33',NULL,'2019-11-01 13:43:33'), ('340','ItemSet',NULL,'UPDATE',NULL,'\0','蔡昭全(0002551)','2019-11-01 13:43:33',NULL,'2019-11-01 13:43:33'), ('341','Release','31','INSERT',NULL,'\0','蔡昭全(0002551)','2019-11-01 14:23:31',NULL,'2019-11-01 14:23:31'), ('342','ReleaseHistory','34','INSERT',NULL,'\0','蔡昭全(0002551)','2019-11-01 14:23:31',NULL,'2019-11-01 14:23:31');
INSERT INTO `Cluster` VALUES ('1','default','jobplatform','0','\0','0002551','2019-10-09 16:40:04','0002551','2019-10-09 16:40:04'), ('4','default','unitopsso','0','\0','0002551','2019-10-09 17:44:17','0002551','2019-10-09 17:44:17'), ('5','default','10000001','0','\0','0002551','2019-10-09 17:56:48','0002551','2019-10-09 17:56:48'), ('6','default','10000002','0','\0','0002551','2019-10-10 14:58:28','0002551','2019-10-10 14:58:28'), ('7','20191011164534-fc2f00915ad8c48d','10000002','6','','蔡昭全(0002551)','2019-10-11 16:45:35','蔡昭全(0002551)','2019-10-11 17:17:34'), ('8','default','100003173','0','\0','蔡昭全(0002551)','2019-10-12 13:41:36','蔡昭全(0002551)','2019-10-12 13:41:36');
INSERT INTO `Commit` VALUES ('20','{\"createItems\":[],\"updateItems\":[{\"oldItem\":{\"namespaceId\":7,\"key\":\"spring.datasource.mysql.url\",\"value\":\"jdbc:mysql://localhost:3306/xxl-job?useUnicode\\u003dtrue\\u0026characterEncoding\\u003dUTF-8\",\"comment\":\"\",\"lineNum\":5,\"id\":6,\"isDeleted\":false,\"dataChangeCreatedBy\":\"0002551\",\"dataChangeCreatedTime\":\"2019-10-11 16:05:27\",\"dataChangeLastModifiedBy\":\"蔡昭全(0002551)\",\"dataChangeLastModifiedTime\":\"2019-10-11 17:12:27\"},\"newItem\":{\"namespaceId\":7,\"key\":\"spring.datasource.mysql.url\",\"value\":\"ENC(F13BBE79C2EABFC554F1E851895EA3F873E15D1A1EBE58A9A60A8D0C8B762475F30832A03B038183A0F167D13B32FA9F9A7F8A27F66754094902FB5A0431C6F6F0E1F8C88E27CE8CD2D2A4F024E8E66F)\",\"comment\":\"\",\"lineNum\":5,\"id\":6,\"isDeleted\":false,\"dataChangeCreatedBy\":\"0002551\",\"dataChangeCreatedTime\":\"2019-10-11 16:05:27\",\"dataChangeLastModifiedBy\":\"蔡昭全(0002551)\",\"dataChangeLastModifiedTime\":\"2019-10-15 17:13:53\"}},{\"oldItem\":{\"namespaceId\":7,\"key\":\"spring.datasource.mysql.username\",\"value\":\"root\",\"comment\":\"\",\"lineNum\":6,\"id\":7,\"isDeleted\":false,\"dataChangeCreatedBy\":\"0002551\",\"dataChangeCreatedTime\":\"2019-10-11 16:05:27\",\"dataChangeLastModifiedBy\":\"蔡昭全(0002551)\",\"dataChangeLastModifiedTime\":\"2019-10-11 16:19:38\"},\"newItem\":{\"namespaceId\":7,\"key\":\"spring.datasource.mysql.username\",\"value\":\"ENC(9F5FB57EDDB76A7D7B02800D215CF756)\",\"comment\":\"\",\"lineNum\":6,\"id\":7,\"isDeleted\":false,\"dataChangeCreatedBy\":\"0002551\",\"dataChangeCreatedTime\":\"2019-10-11 16:05:27\",\"dataChangeLastModifiedBy\":\"蔡昭全(0002551)\",\"dataChangeLastModifiedTime\":\"2019-10-15 17:13:53\"}},{\"oldItem\":{\"namespaceId\":7,\"key\":\"spring.datasource.mysql.password\",\"value\":\"root\",\"comment\":\"\",\"lineNum\":7,\"id\":8,\"isDeleted\":false,\"dataChangeCreatedBy\":\"0002551\",\"dataChangeCreatedTime\":\"2019-10-11 16:05:27\",\"dataChangeLastModifiedBy\":\"蔡昭全(0002551)\",\"dataChangeLastModifiedTime\":\"2019-10-11 17:12:27\"},\"newItem\":{\"namespaceId\":7,\"key\":\"spring.datasource.mysql.password\",\"value\":\"ENC(9F5FB57EDDB76A7D7B02800D215CF756)\",\"comment\":\"\",\"lineNum\":7,\"id\":8,\"isDeleted\":false,\"dataChangeCreatedBy\":\"0002551\",\"dataChangeCreatedTime\":\"2019-10-11 16:05:27\",\"dataChangeLastModifiedBy\":\"蔡昭全(0002551)\",\"dataChangeLastModifiedTime\":\"2019-10-15 17:13:53\"}},{\"oldItem\":{\"namespaceId\":7,\"key\":\"spring.datasource.oracle.url\",\"value\":\"jdbc:oracle:thin:@10.1.1.233:1521:athenats\",\"comment\":\"\",\"lineNum\":12,\"id\":13,\"isDeleted\":false,\"dataChangeCreatedBy\":\"0002551\",\"dataChangeCreatedTime\":\"2019-10-11 16:05:27\",\"dataChangeLastModifiedBy\":\"蔡昭全(0002551)\",\"dataChangeLastModifiedTime\":\"2019-10-11 16:19:38\"},\"newItem\":{\"namespaceId\":7,\"key\":\"spring.datasource.oracle.url\",\"value\":\"ENC(AB4F2139681FB8ECFB6145D0CCEAD21002124A49623A91CB531F04A92FE5850A75EDAB8BBE309890672C57620C97253E)\",\"comment\":\"\",\"lineNum\":12,\"id\":13,\"isDeleted\":false,\"dataChangeCreatedBy\":\"0002551\",\"dataChangeCreatedTime\":\"2019-10-11 16:05:27\",\"dataChangeLastModifiedBy\":\"蔡昭全(0002551)\",\"dataChangeLastModifiedTime\":\"2019-10-15 17:13:53\"}},{\"oldItem\":{\"namespaceId\":7,\"key\":\"spring.datasource.oracle.username\",\"value\":\"ms_print_dev\",\"comment\":\"\",\"lineNum\":13,\"id\":14,\"isDeleted\":false,\"dataChangeCreatedBy\":\"0002551\",\"dataChangeCreatedTime\":\"2019-10-11 16:05:27\",\"dataChangeLastModifiedBy\":\"蔡昭全(0002551)\",\"dataChangeLastModifiedTime\":\"2019-10-11 16:19:38\"},\"newItem\":{\"namespaceId\":7,\"key\":\"spring.datasource.oracle.username\",\"value\":\"ENC(93764BB418FCBC3C25804528BA8A2912)\",\"comment\":\"\",\"lineNum\":13,\"id\":14,\"isDeleted\":false,\"dataChangeCreatedBy\":\"0002551\",\"dataChangeCreatedTime\":\"2019-10-11 16:05:27\",\"dataChangeLastModifiedBy\":\"蔡昭全(0002551)\",\"dataChangeLastModifiedTime\":\"2019-10-15 17:13:53\"}},{\"oldItem\":{\"namespaceId\":7,\"key\":\"spring.datasource.oracle.password\",\"value\":\"TS2019\",\"comment\":\"\",\"lineNum\":14,\"id\":15,\"isDeleted\":false,\"dataChangeCreatedBy\":\"0002551\",\"dataChangeCreatedTime\":\"2019-10-11 16:05:27\",\"dataChangeLastModifiedBy\":\"蔡昭全(0002551)\",\"dataChangeLastModifiedTime\":\"2019-10-11 16:19:38\"},\"newItem\":{\"namespaceId\":7,\"key\":\"spring.datasource.oracle.password\",\"value\":\"ENC(8409743DD5CB104AF424428C42439DEA)\",\"comment\":\"\",\"lineNum\":14,\"id\":15,\"isDeleted\":false,\"dataChangeCreatedBy\":\"0002551\",\"dataChangeCreatedTime\":\"2019-10-11 16:05:27\",\"dataChangeLastModifiedBy\":\"蔡昭全(0002551)\",\"dataChangeLastModifiedTime\":\"2019-10-15 17:13:53\"}}],\"deleteItems\":[]}','10000002','default','application',NULL,'\0','蔡昭全(0002551)','2019-10-15 17:13:54','蔡昭全(0002551)','2019-10-15 17:13:54'), ('21','{\"createItems\":[],\"updateItems\":[{\"oldItem\":{\"namespaceId\":7,\"key\":\"spring.datasource.mysql.password\",\"value\":\"ENC(9F5FB57EDDB76A7D7B02800D215CF756)\",\"comment\":\"\",\"lineNum\":7,\"id\":8,\"isDeleted\":false,\"dataChangeCreatedBy\":\"0002551\",\"dataChangeCreatedTime\":\"2019-10-11 16:05:27\",\"dataChangeLastModifiedBy\":\"蔡昭全(0002551)\",\"dataChangeLastModifiedTime\":\"2019-10-15 17:13:54\"},\"newItem\":{\"namespaceId\":7,\"key\":\"spring.datasource.mysql.password\",\"value\":\"ENC(8409743DD5CB104AF424428C42439DEA)\",\"comment\":\"\",\"lineNum\":7,\"id\":8,\"isDeleted\":false,\"dataChangeCreatedBy\":\"0002551\",\"dataChangeCreatedTime\":\"2019-10-11 16:05:27\",\"dataChangeLastModifiedBy\":\"蔡昭全(0002551)\",\"dataChangeLastModifiedTime\":\"2019-10-15 17:17:40\"}}],\"deleteItems\":[]}','10000002','default','application',NULL,'\0','蔡昭全(0002551)','2019-10-15 17:17:41','蔡昭全(0002551)','2019-10-15 17:17:41'), ('22','{\"createItems\":[],\"updateItems\":[{\"oldItem\":{\"namespaceId\":10,\"key\":\"redis.password\",\"value\":\"123456\",\"comment\":\"\",\"lineNum\":1,\"id\":36,\"isDeleted\":false,\"dataChangeCreatedBy\":\"蔡昭全(0002551)\",\"dataChangeCreatedTime\":\"2019-10-14 08:43:00\",\"dataChangeLastModifiedBy\":\"蔡昭全(0002551)\",\"dataChangeLastModifiedTime\":\"2019-10-14 08:43:00\"},\"newItem\":{\"namespaceId\":10,\"key\":\"redis.password\",\"value\":\"ENC(8F3B52CB6B6A557532319377380103DE)\",\"comment\":\"\",\"lineNum\":1,\"id\":36,\"isDeleted\":false,\"dataChangeCreatedBy\":\"蔡昭全(0002551)\",\"dataChangeCreatedTime\":\"2019-10-14 08:43:00\",\"dataChangeLastModifiedBy\":\"蔡昭全(0002551)\",\"dataChangeLastModifiedTime\":\"2019-10-15 17:25:58\"}},{\"oldItem\":{\"namespaceId\":10,\"key\":\"redis.hostName\",\"value\":\"10.1.6.39\",\"comment\":\"\",\"lineNum\":12,\"id\":47,\"isDeleted\":false,\"dataChangeCreatedBy\":\"蔡昭全(0002551)\",\"dataChangeCreatedTime\":\"2019-10-14 08:43:00\",\"dataChangeLastModifiedBy\":\"蔡昭全(0002551)\",\"dataChangeLastModifiedTime\":\"2019-10-14 08:43:00\"},\"newItem\":{\"namespaceId\":10,\"key\":\"redis.hostName\",\"value\":\"ENC(B8FEDA7EDADB6833DE7C7D3EB381108C)\",\"comment\":\"\",\"lineNum\":12,\"id\":47,\"isDeleted\":false,\"dataChangeCreatedBy\":\"蔡昭全(0002551)\",\"dataChangeCreatedTime\":\"2019-10-14 08:43:00\",\"dataChangeLastModifiedBy\":\"蔡昭全(0002551)\",\"dataChangeLastModifiedTime\":\"2019-10-15 17:25:58\"}}],\"deleteItems\":[]}','100003173','default','redis',NULL,'\0','蔡昭全(0002551)','2019-10-15 17:25:59','蔡昭全(0002551)','2019-10-15 17:25:59'), ('23','{\"createItems\":[],\"updateItems\":[{\"oldItem\":{\"namespaceId\":11,\"key\":\"redis.password\",\"value\":\"123456\",\"comment\":\"\",\"lineNum\":3,\"id\":56,\"isDeleted\":false,\"dataChangeCreatedBy\":\"蔡昭全(0002551)\",\"dataChangeCreatedTime\":\"2019-10-14 11:15:08\",\"dataChangeLastModifiedBy\":\"蔡昭全(0002551)\",\"dataChangeLastModifiedTime\":\"2019-10-14 11:15:08\"},\"newItem\":{\"namespaceId\":11,\"key\":\"redis.password\",\"value\":\"ENC(8F3B52CB6B6A557532319377380103DE)\",\"comment\":\"\",\"lineNum\":2,\"id\":56,\"isDeleted\":false,\"dataChangeCreatedBy\":\"蔡昭全(0002551)\",\"dataChangeCreatedTime\":\"2019-10-14 11:15:08\",\"dataChangeLastModifiedBy\":\"蔡昭全(0002551)\",\"dataChangeLastModifiedTime\":\"2019-10-15 17:27:39\"}},{\"oldItem\":{\"namespaceId\":11,\"key\":\"redis.hostName\",\"value\":\"10.1.6.39\",\"comment\":\"\",\"lineNum\":1,\"id\":54,\"isDeleted\":false,\"dataChangeCreatedBy\":\"蔡昭全(0002551)\",\"dataChangeCreatedTime\":\"2019-10-14 11:15:08\",\"dataChangeLastModifiedBy\":\"蔡昭全(0002551)\",\"dataChangeLastModifiedTime\":\"2019-10-14 13:46:45\"},\"newItem\":{\"namespaceId\":11,\"key\":\"redis.hostName\",\"value\":\"ENC(B8FEDA7EDADB6833DE7C7D3EB381108C)\",\"comment\":\"\",\"lineNum\":3,\"id\":54,\"isDeleted\":false,\"dataChangeCreatedBy\":\"蔡昭全(0002551)\",\"dataChangeCreatedTime\":\"2019-10-14 11:15:08\",\"dataChangeLastModifiedBy\":\"蔡昭全(0002551)\",\"dataChangeLastModifiedTime\":\"2019-10-15 17:27:39\"}}],\"deleteItems\":[]}','jobplatform','default','redis',NULL,'\0','蔡昭全(0002551)','2019-10-15 17:27:40','蔡昭全(0002551)','2019-10-15 17:27:40'), ('24','{\"createItems\":[],\"updateItems\":[{\"oldItem\":{\"namespaceId\":5,\"key\":\"spring.datasource.oracle.url\",\"value\":\"jdbc:oracle:thin:@(DESCRIPTION\\u003d(ADDRESS_LIST\\u003d(ADDRESS\\u003d(PROTOCOL\\u003dTCP)(HOST\\u003d10.1.3.10)(PORT\\u003d1521)))(CONNECT_DATA\\u003d(SERVICE_NAME\\u003dorcl)))\",\"comment\":\"\",\"lineNum\":1,\"id\":57,\"isDeleted\":false,\"dataChangeCreatedBy\":\"蔡昭全(0002551)\",\"dataChangeCreatedTime\":\"2019-10-15 15:55:03\",\"dataChangeLastModifiedBy\":\"蔡昭全(0002551)\",\"dataChangeLastModifiedTime\":\"2019-10-15 15:56:23\"},\"newItem\":{\"namespaceId\":5,\"key\":\"spring.datasource.oracle.url\",\"value\":\"ENC(AB4F2139681FB8ECFB6145D0CCEAD210D0D399CC56925B702B76EDB70FFB5C08777216EE9403ED9CEF75FFDA5174FB5203C2F88BCC71D80E6C7266435F564E697745D5A861DDA73A2E93437D97905C8998FC2E78C4BCEEFEF33D69AAF12B86039C369A13601ACB3B5DFC6BBA090DE1B137DA3DC2B5F32BFA1499FCCDF8322B9026A9F550021B0E0ADC4012CA0FBA3720)\",\"comment\":\"\",\"lineNum\":1,\"id\":57,\"isDeleted\":false,\"dataChangeCreatedBy\":\"蔡昭全(0002551)\",\"dataChangeCreatedTime\":\"2019-10-15 15:55:03\",\"dataChangeLastModifiedBy\":\"蔡昭全(0002551)\",\"dataChangeLastModifiedTime\":\"2019-10-15 17:34:04\"}},{\"oldItem\":{\"namespaceId\":5,\"key\":\"spring.datasource.oracle.username\",\"value\":\"e3new\",\"comment\":\"\",\"lineNum\":5,\"id\":61,\"isDeleted\":false,\"dataChangeCreatedBy\":\"蔡昭全(0002551)\",\"dataChangeCreatedTime\":\"2019-10-15 15:55:03\",\"dataChangeLastModifiedBy\":\"蔡昭全(0002551)\",\"dataChangeLastModifiedTime\":\"2019-10-15 15:55:03\"},\"newItem\":{\"namespaceId\":5,\"key\":\"spring.datasource.oracle.username\",\"value\":\"ENC(5008B618BFC7A737345126CD76FEDD6B)\",\"comment\":\"\",\"lineNum\":5,\"id\":61,\"isDeleted\":false,\"dataChangeCreatedBy\":\"蔡昭全(0002551)\",\"dataChangeCreatedTime\":\"2019-10-15 15:55:03\",\"dataChangeLastModifiedBy\":\"蔡昭全(0002551)\",\"dataChangeLastModifiedTime\":\"2019-10-15 17:34:04\"}},{\"oldItem\":{\"namespaceId\":5,\"key\":\"spring.datasource.oracle.password\",\"value\":\"Uthena@2018\",\"comment\":\"\",\"lineNum\":6,\"id\":62,\"isDeleted\":false,\"dataChangeCreatedBy\":\"蔡昭全(0002551)\",\"dataChangeCreatedTime\":\"2019-10-15 15:55:03\",\"dataChangeLastModifiedBy\":\"蔡昭全(0002551)\",\"dataChangeLastModifiedTime\":\"2019-10-15 15:56:23\"},\"newItem\":{\"namespaceId\":5,\"key\":\"spring.datasource.oracle.password\",\"value\":\"ENC(7CF3601360CCD40510E5B2E3FB46CD4D)\",\"comment\":\"\",\"lineNum\":6,\"id\":62,\"isDeleted\":false,\"dataChangeCreatedBy\":\"蔡昭全(0002551)\",\"dataChangeCreatedTime\":\"2019-10-15 15:55:03\",\"dataChangeLastModifiedBy\":\"蔡昭全(0002551)\",\"dataChangeLastModifiedTime\":\"2019-10-15 17:34:04\"}},{\"oldItem\":{\"namespaceId\":5,\"key\":\"spring.datasource.statView.allow\",\"value\":\"10.1.54.251\",\"comment\":\"\",\"lineNum\":19,\"id\":75,\"isDeleted\":false,\"dataChangeCreatedBy\":\"蔡昭全(0002551)\",\"dataChangeCreatedTime\":\"2019-10-15 15:55:03\",\"dataChangeLastModifiedBy\":\"蔡昭全(0002551)\",\"dataChangeLastModifiedTime\":\"2019-10-15 15:55:03\"},\"newItem\":{\"namespaceId\":5,\"key\":\"spring.datasource.statView.allow\",\"value\":\"ENC(3F7CB53B64E77E8E0F67F77AB6268914)\",\"comment\":\"\",\"lineNum\":19,\"id\":75,\"isDeleted\":false,\"dataChangeCreatedBy\":\"蔡昭全(0002551)\",\"dataChangeCreatedTime\":\"2019-10-15 15:55:03\",\"dataChangeLastModifiedBy\":\"蔡昭全(0002551)\",\"dataChangeLastModifiedTime\":\"2019-10-15 17:34:04\"}}],\"deleteItems\":[]}','10000001','default','application',NULL,'\0','蔡昭全(0002551)','2019-10-15 17:34:04','蔡昭全(0002551)','2019-10-15 17:34:04'), ('25','{\"createItems\":[{\"namespaceId\":4,\"key\":\"spring.datasource.url\",\"value\":\"ENC(AB4F2139681FB8ECFB6145D0CCEAD210D0D399CC56925B702B76EDB70FFB5C08777216EE9403ED9CEF75FFDA5174FB5203C2F88BCC71D80E6C7266435F564E697745D5A861DDA73A2E93437D97905C89CB38CBF8DB761025B43CFFD8D6921E639C369A13601ACB3B5DFC6BBA090DE1B17D9B63FD3065ACF72A9927FEC39E31E0FB106B514BCEC5CFCCF94A2F99F6539C)\",\"comment\":\"\",\"lineNum\":1,\"id\":76,\"isDeleted\":false,\"dataChangeCreatedBy\":\"蔡昭全(0002551)\",\"dataChangeCreatedTime\":\"2019-10-16 14:11:18\",\"dataChangeLastModifiedBy\":\"蔡昭全(0002551)\",\"dataChangeLastModifiedTime\":\"2019-10-16 14:11:18\"},{\"namespaceId\":4,\"key\":\"spring.datasource.username\",\"value\":\"ENC(22CD6F3CF63EAE6DCB37B14D4B629CEA)\",\"comment\":\"\",\"lineNum\":2,\"id\":77,\"isDeleted\":false,\"dataChangeCreatedBy\":\"蔡昭全(0002551)\",\"dataChangeCreatedTime\":\"2019-10-16 14:11:18\",\"dataChangeLastModifiedBy\":\"蔡昭全(0002551)\",\"dataChangeLastModifiedTime\":\"2019-10-16 14:11:18\"},{\"namespaceId\":4,\"key\":\"spring.datasource.password\",\"value\":\"ENC(2559A95A9929AE9C419488318E42CAC7)\",\"comment\":\"\",\"lineNum\":3,\"id\":78,\"isDeleted\":false,\"dataChangeCreatedBy\":\"蔡昭全(0002551)\",\"dataChangeCreatedTime\":\"2019-10-16 14:11:18\",\"dataChangeLastModifiedBy\":\"蔡昭全(0002551)\",\"dataChangeLastModifiedTime\":\"2019-10-16 14:11:18\"},{\"namespaceId\":4,\"key\":\"spring.datasource.driver-class-name\",\"value\":\"oracle.jdbc.OracleDriver\",\"comment\":\"\",\"lineNum\":4,\"id\":79,\"isDeleted\":false,\"dataChangeCreatedBy\":\"蔡昭全(0002551)\",\"dataChangeCreatedTime\":\"2019-10-16 14:11:18\",\"dataChangeLastModifiedBy\":\"蔡昭全(0002551)\",\"dataChangeLastModifiedTime\":\"2019-10-16 14:11:18\"},{\"namespaceId\":4,\"key\":\"spring.datasource.max-idle\",\"value\":\"10\",\"comment\":\"\",\"lineNum\":5,\"id\":80,\"isDeleted\":false,\"dataChangeCreatedBy\":\"蔡昭全(0002551)\",\"dataChangeCreatedTime\":\"2019-10-16 14:11:18\",\"dataChangeLastModifiedBy\":\"蔡昭全(0002551)\",\"dataChangeLastModifiedTime\":\"2019-10-16 14:11:18\"},{\"namespaceId\":4,\"key\":\"spring.datasource.max-wait\",\"value\":\"10000\",\"comment\":\"\",\"lineNum\":6,\"id\":81,\"isDeleted\":false,\"dataChangeCreatedBy\":\"蔡昭全(0002551)\",\"dataChangeCreatedTime\":\"2019-10-16 14:11:18\",\"dataChangeLastModifiedBy\":\"蔡昭全(0002551)\",\"dataChangeLastModifiedTime\":\"2019-10-16 14:11:18\"},{\"namespaceId\":4,\"key\":\"spring.datasource.min-idle\",\"value\":\"5\",\"comment\":\"\",\"lineNum\":7,\"id\":82,\"isDeleted\":false,\"dataChangeCreatedBy\":\"蔡昭全(0002551)\",\"dataChangeCreatedTime\":\"2019-10-16 14:11:18\",\"dataChangeLastModifiedBy\":\"蔡昭全(0002551)\",\"dataChangeLastModifiedTime\":\"2019-10-16 14:11:18\"},{\"namespaceId\":4,\"key\":\"spring.datasource.initial-size\",\"value\":\"5\",\"comment\":\"\",\"lineNum\":8,\"id\":83,\"isDeleted\":false,\"dataChangeCreatedBy\":\"蔡昭全(0002551)\",\"dataChangeCreatedTime\":\"2019-10-16 14:11:18\",\"dataChangeLastModifiedBy\":\"蔡昭全(0002551)\",\"dataChangeLastModifiedTime\":\"2019-10-16 14:11:18\"},{\"namespaceId\":4,\"key\":\"unitop.sso.redis.expire.minite\",\"value\":\"480\",\"comment\":\"\",\"lineNum\":9,\"id\":84,\"isDeleted\":false,\"dataChangeCreatedBy\":\"蔡昭全(0002551)\",\"dataChangeCreatedTime\":\"2019-10-16 14:11:18\",\"dataChangeLastModifiedBy\":\"蔡昭全(0002551)\",\"dataChangeLastModifiedTime\":\"2019-10-16 14:11:18\"},{\"namespaceId\":4,\"key\":\"unitop.sso.ignorePattern\",\"value\":\"/jobAPI,/router,/sessionTimeout.jsp,/test.html,/static,/assets,/login,/doLogin,/**/app/**,/health\",\"comment\":\"\",\"lineNum\":10,\"id\":85,\"isDeleted\":false,\"dataChangeCreatedBy\":\"蔡昭全(0002551)\",\"dataChangeCreatedTime\":\"2019-10-16 14:11:18\",\"dataChangeLastModifiedBy\":\"蔡昭全(0002551)\",\"dataChangeLastModifiedTime\":\"2019-10-16 14:11:18\"}],\"updateItems\":[],\"deleteItems\":[]}','unitopsso','default','application',NULL,'\0','蔡昭全(0002551)','2019-10-16 14:11:18','蔡昭全(0002551)','2019-10-16 14:11:18'), ('26','{\"createItems\":[{\"namespaceId\":12,\"key\":\"redis.pool.maxTotal\",\"value\":\"300\",\"comment\":\"\",\"lineNum\":1,\"id\":86,\"isDeleted\":false,\"dataChangeCreatedBy\":\"蔡昭全(0002551)\",\"dataChangeCreatedTime\":\"2019-10-16 14:36:38\",\"dataChangeLastModifiedBy\":\"蔡昭全(0002551)\",\"dataChangeLastModifiedTime\":\"2019-10-16 14:36:38\"},{\"namespaceId\":12,\"key\":\"redis.pool.maxIdle\",\"value\":\"10\",\"comment\":\"\",\"lineNum\":2,\"id\":87,\"isDeleted\":false,\"dataChangeCreatedBy\":\"蔡昭全(0002551)\",\"dataChangeCreatedTime\":\"2019-10-16 14:36:38\",\"dataChangeLastModifiedBy\":\"蔡昭全(0002551)\",\"dataChangeLastModifiedTime\":\"2019-10-16 14:36:38\"},{\"namespaceId\":12,\"key\":\"redis.pool.minIdle\",\"value\":\"0\",\"comment\":\"\",\"lineNum\":3,\"id\":88,\"isDeleted\":false,\"dataChangeCreatedBy\":\"蔡昭全(0002551)\",\"dataChangeCreatedTime\":\"2019-10-16 14:36:38\",\"dataChangeLastModifiedBy\":\"蔡昭全(0002551)\",\"dataChangeLastModifiedTime\":\"2019-10-16 14:36:38\"},{\"namespaceId\":12,\"key\":\"redis.pool.maxWaitMillis\",\"value\":\"1500\",\"comment\":\"\",\"lineNum\":4,\"id\":89,\"isDeleted\":false,\"dataChangeCreatedBy\":\"蔡昭全(0002551)\",\"dataChangeCreatedTime\":\"2019-10-16 14:36:38\",\"dataChangeLastModifiedBy\":\"蔡昭全(0002551)\",\"dataChangeLastModifiedTime\":\"2019-10-16 14:36:38\"},{\"namespaceId\":12,\"key\":\"redis.pool.testOnBorrow\",\"value\":\"true\",\"comment\":\"\",\"lineNum\":5,\"id\":90,\"isDeleted\":false,\"dataChangeCreatedBy\":\"蔡昭全(0002551)\",\"dataChangeCreatedTime\":\"2019-10-16 14:36:38\",\"dataChangeLastModifiedBy\":\"蔡昭全(0002551)\",\"dataChangeLastModifiedTime\":\"2019-10-16 14:36:38\"},{\"namespaceId\":12,\"key\":\"redis.pool.testWhileIdle\",\"value\":\"true\",\"comment\":\"\",\"lineNum\":6,\"id\":91,\"isDeleted\":false,\"dataChangeCreatedBy\":\"蔡昭全(0002551)\",\"dataChangeCreatedTime\":\"2019-10-16 14:36:38\",\"dataChangeLastModifiedBy\":\"蔡昭全(0002551)\",\"dataChangeLastModifiedTime\":\"2019-10-16 14:36:38\"},{\"namespaceId\":12,\"key\":\"redis.pool.blockWhenExhausted\",\"value\":\"false\",\"comment\":\"\",\"lineNum\":7,\"id\":92,\"isDeleted\":false,\"dataChangeCreatedBy\":\"蔡昭全(0002551)\",\"dataChangeCreatedTime\":\"2019-10-16 14:36:38\",\"dataChangeLastModifiedBy\":\"蔡昭全(0002551)\",\"dataChangeLastModifiedTime\":\"2019-10-16 14:36:38\"},{\"namespaceId\":12,\"key\":\"redis.cache.defaultexpiration\",\"value\":\"3600\",\"comment\":\"\",\"lineNum\":8,\"id\":93,\"isDeleted\":false,\"dataChangeCreatedBy\":\"蔡昭全(0002551)\",\"dataChangeCreatedTime\":\"2019-10-16 14:36:38\",\"dataChangeLastModifiedBy\":\"蔡昭全(0002551)\",\"dataChangeLastModifiedTime\":\"2019-10-16 14:36:38\"},{\"namespaceId\":12,\"key\":\"redis.cache.usePrefix\",\"value\":\"true\",\"comment\":\"\",\"lineNum\":9,\"id\":94,\"isDeleted\":false,\"dataChangeCreatedBy\":\"蔡昭全(0002551)\",\"dataChangeCreatedTime\":\"2019-10-16 14:36:38\",\"dataChangeLastModifiedBy\":\"蔡昭全(0002551)\",\"dataChangeLastModifiedTime\":\"2019-10-16 14:36:38\"},{\"namespaceId\":12,\"key\":\"redis.cache.enable\",\"value\":\"true\",\"comment\":\"\",\"lineNum\":10,\"id\":95,\"isDeleted\":false,\"dataChangeCreatedBy\":\"蔡昭全(0002551)\",\"dataChangeCreatedTime\":\"2019-10-16 14:36:38\",\"dataChangeLastModifiedBy\":\"蔡昭全(0002551)\",\"dataChangeLastModifiedTime\":\"2019-10-16 14:36:38\"},{\"namespaceId\":12,\"key\":\"redis.port\",\"value\":\"6379\",\"comment\":\"\",\"lineNum\":11,\"id\":96,\"isDeleted\":false,\"dataChangeCreatedBy\":\"蔡昭全(0002551)\",\"dataChangeCreatedTime\":\"2019-10-16 14:36:38\",\"dataChangeLastModifiedBy\":\"蔡昭全(0002551)\",\"dataChangeLastModifiedTime\":\"2019-10-16 14:36:38\"},{\"namespaceId\":12,\"key\":\"redis.timeout\",\"value\":\"3000\",\"comment\":\"\",\"lineNum\":12,\"id\":97,\"isDeleted\":false,\"dataChangeCreatedBy\":\"蔡昭全(0002551)\",\"dataChangeCreatedTime\":\"2019-10-16 14:36:38\",\"dataChangeLastModifiedBy\":\"蔡昭全(0002551)\",\"dataChangeLastModifiedTime\":\"2019-10-16 14:36:38\"},{\"namespaceId\":12,\"key\":\"redis.password\",\"value\":\"ENC(8F3B52CB6B6A557532319377380103DE)\",\"comment\":\"\",\"lineNum\":13,\"id\":98,\"isDeleted\":false,\"dataChangeCreatedBy\":\"蔡昭全(0002551)\",\"dataChangeCreatedTime\":\"2019-10-16 14:36:38\",\"dataChangeLastModifiedBy\":\"蔡昭全(0002551)\",\"dataChangeLastModifiedTime\":\"2019-10-16 14:36:38\"},{\"namespaceId\":12,\"key\":\"redis.hostName\",\"value\":\"ENC(F7122B90B64186F2F5F52725D6347454)\",\"comment\":\"\",\"lineNum\":14,\"id\":99,\"isDeleted\":false,\"dataChangeCreatedBy\":\"蔡昭全(0002551)\",\"dataChangeCreatedTime\":\"2019-10-16 14:36:38\",\"dataChangeLastModifiedBy\":\"蔡昭全(0002551)\",\"dataChangeLastModifiedTime\":\"2019-10-16 14:36:38\"},{\"namespaceId\":12,\"key\":\"redis.usePool\",\"value\":\"true\",\"comment\":\"\",\"lineNum\":15,\"id\":100,\"isDeleted\":false,\"dataChangeCreatedBy\":\"蔡昭全(0002551)\",\"dataChangeCreatedTime\":\"2019-10-16 14:36:38\",\"dataChangeLastModifiedBy\":\"蔡昭全(0002551)\",\"dataChangeLastModifiedTime\":\"2019-10-16 14:36:38\"},{\"namespaceId\":12,\"key\":\"redis.dbIndex\",\"value\":\"0\",\"comment\":\"\",\"lineNum\":16,\"id\":101,\"isDeleted\":false,\"dataChangeCreatedBy\":\"蔡昭全(0002551)\",\"dataChangeCreatedTime\":\"2019-10-16 14:36:38\",\"dataChangeLastModifiedBy\":\"蔡昭全(0002551)\",\"dataChangeLastModifiedTime\":\"2019-10-16 14:36:38\"},{\"namespaceId\":12,\"key\":\"redis.instance\",\"value\":\"cluster\",\"comment\":\"\",\"lineNum\":17,\"id\":102,\"isDeleted\":false,\"dataChangeCreatedBy\":\"蔡昭全(0002551)\",\"dataChangeCreatedTime\":\"2019-10-16 14:36:38\",\"dataChangeLastModifiedBy\":\"蔡昭全(0002551)\",\"dataChangeLastModifiedTime\":\"2019-10-16 14:36:38\"},{\"namespaceId\":12,\"key\":\"redis.cluster.maxRedirects\",\"value\":\"5\",\"comment\":\"\",\"lineNum\":18,\"id\":103,\"isDeleted\":false,\"dataChangeCreatedBy\":\"蔡昭全(0002551)\",\"dataChangeCreatedTime\":\"2019-10-16 14:36:38\",\"dataChangeLastModifiedBy\":\"蔡昭全(0002551)\",\"dataChangeLastModifiedTime\":\"2019-10-16 14:36:38\"}],\"updateItems\":[],\"deleteItems\":[]}','unitopsso','default','redis',NULL,'\0','蔡昭全(0002551)','2019-10-16 14:36:39','蔡昭全(0002551)','2019-10-16 14:36:39'), ('27','{\"createItems\":[],\"updateItems\":[{\"oldItem\":{\"namespaceId\":12,\"key\":\"redis.hostName\",\"value\":\"ENC(F7122B90B64186F2F5F52725D6347454)\",\"comment\":\"\",\"lineNum\":14,\"id\":99,\"isDeleted\":false,\"dataChangeCreatedBy\":\"蔡昭全(0002551)\",\"dataChangeCreatedTime\":\"2019-10-16 14:36:39\",\"dataChangeLastModifiedBy\":\"蔡昭全(0002551)\",\"dataChangeLastModifiedTime\":\"2019-10-16 14:36:39\"},\"newItem\":{\"namespaceId\":12,\"key\":\"redis.hostName\",\"value\":\"ENC(B8FEDA7EDADB6833DE7C7D3EB381108C)\",\"comment\":\"\",\"lineNum\":14,\"id\":99,\"isDeleted\":false,\"dataChangeCreatedBy\":\"蔡昭全(0002551)\",\"dataChangeCreatedTime\":\"2019-10-16 14:36:39\",\"dataChangeLastModifiedBy\":\"蔡昭全(0002551)\",\"dataChangeLastModifiedTime\":\"2019-10-16 14:37:13\"}}],\"deleteItems\":[]}','unitopsso','default','redis',NULL,'\0','蔡昭全(0002551)','2019-10-16 14:37:14','蔡昭全(0002551)','2019-10-16 14:37:14'), ('28','{\"createItems\":[{\"namespaceId\":1,\"key\":\"unitop-job.email.username\",\"value\":\"ENC(EE42780065B2ACF7F2C8F12740E398BA61D78B3C298B3ABE882325BD66698D5B)\",\"comment\":\"\",\"lineNum\":2,\"id\":104,\"isDeleted\":false,\"dataChangeCreatedBy\":\"蔡昭全(0002551)\",\"dataChangeCreatedTime\":\"2019-10-17 11:32:37\",\"dataChangeLastModifiedBy\":\"蔡昭全(0002551)\",\"dataChangeLastModifiedTime\":\"2019-10-17 11:32:37\"},{\"namespaceId\":1,\"key\":\"unitop-job.email.password\",\"value\":\"ENC(41D15EA07CAD76005A8727FA412A8708)\",\"comment\":\"\",\"lineNum\":3,\"id\":105,\"isDeleted\":false,\"dataChangeCreatedBy\":\"蔡昭全(0002551)\",\"dataChangeCreatedTime\":\"2019-10-17 11:32:37\",\"dataChangeLastModifiedBy\":\"蔡昭全(0002551)\",\"dataChangeLastModifiedTime\":\"2019-10-17 11:32:37\"},{\"namespaceId\":1,\"key\":\"unitop.sso.server\",\"value\":\"ENC(86181478DA5E183DBD9280571B9196EADFDF4DF4206549CE31D6E5923C245BF2)\",\"comment\":\"\",\"lineNum\":4,\"id\":106,\"isDeleted\":false,\"dataChangeCreatedBy\":\"蔡昭全(0002551)\",\"dataChangeCreatedTime\":\"2019-10-17 11:32:37\",\"dataChangeLastModifiedBy\":\"蔡昭全(0002551)\",\"dataChangeLastModifiedTime\":\"2019-10-17 11:32:37\"},{\"namespaceId\":1,\"key\":\"unitop.sso.ignorePattern\",\"value\":\"ENC(87FC91ACEA86AC581D3052818F0F861022C0161FF8870AAE323A0D8DF083752D1464A0D245D42E6C5EC6CB61DCC0631F898F591E3FDAE14E0FF3C29B14581D7E6634DE19FDDC1339FEE1DDACDD52283466A30BACFBAB809C5FABE7A2479DA88A19276DB447E90D8BBB927EE0EA4C8CBA)\",\"comment\":\"\",\"lineNum\":5,\"id\":107,\"isDeleted\":false,\"dataChangeCreatedBy\":\"蔡昭全(0002551)\",\"dataChangeCreatedTime\":\"2019-10-17 11:32:37\",\"dataChangeLastModifiedBy\":\"蔡昭全(0002551)\",\"dataChangeLastModifiedTime\":\"2019-10-17 11:32:37\"},{\"namespaceId\":1,\"key\":\"job.redis.port\",\"value\":\"6379\",\"comment\":\"\",\"lineNum\":6,\"id\":108,\"isDeleted\":false,\"dataChangeCreatedBy\":\"蔡昭全(0002551)\",\"dataChangeCreatedTime\":\"2019-10-17 11:32:37\",\"dataChangeLastModifiedBy\":\"蔡昭全(0002551)\",\"dataChangeLastModifiedTime\":\"2019-10-17 11:32:37\"},{\"namespaceId\":1,\"key\":\"job.redis.password\",\"value\":\"ENC(8F3B52CB6B6A557532319377380103DE)\",\"comment\":\"\",\"lineNum\":7,\"id\":109,\"isDeleted\":false,\"dataChangeCreatedBy\":\"蔡昭全(0002551)\",\"dataChangeCreatedTime\":\"2019-10-17 11:32:37\",\"dataChangeLastModifiedBy\":\"蔡昭全(0002551)\",\"dataChangeLastModifiedTime\":\"2019-10-17 11:32:37\"},{\"namespaceId\":1,\"key\":\"job.redis.hostName\",\"value\":\"ENC(F7122B90B64186F2F5F52725D6347454)\",\"comment\":\"\",\"lineNum\":8,\"id\":110,\"isDeleted\":false,\"dataChangeCreatedBy\":\"蔡昭全(0002551)\",\"dataChangeCreatedTime\":\"2019-10-17 11:32:37\",\"dataChangeLastModifiedBy\":\"蔡昭全(0002551)\",\"dataChangeLastModifiedTime\":\"2019-10-17 11:32:37\"},{\"namespaceId\":1,\"key\":\"server.servlet.session.timeout\",\"value\":\"PT1H\",\"comment\":\"\",\"lineNum\":9,\"id\":111,\"isDeleted\":false,\"dataChangeCreatedBy\":\"蔡昭全(0002551)\",\"dataChangeCreatedTime\":\"2019-10-17 11:32:37\",\"dataChangeLastModifiedBy\":\"蔡昭全(0002551)\",\"dataChangeLastModifiedTime\":\"2019-10-17 11:32:37\"},{\"namespaceId\":1,\"key\":\"unitop.sso.logout.path\",\"value\":\"/logout\",\"comment\":\"\",\"lineNum\":10,\"id\":112,\"isDeleted\":false,\"dataChangeCreatedBy\":\"蔡昭全(0002551)\",\"dataChangeCreatedTime\":\"2019-10-17 11:32:37\",\"dataChangeLastModifiedBy\":\"蔡昭全(0002551)\",\"dataChangeLastModifiedTime\":\"2019-10-17 11:32:37\"},{\"namespaceId\":1,\"key\":\"unitop.sso.redis.expire.minite\",\"value\":\"480\",\"comment\":\"\",\"lineNum\":11,\"id\":113,\"isDeleted\":false,\"dataChangeCreatedBy\":\"蔡昭全(0002551)\",\"dataChangeCreatedTime\":\"2019-10-17 11:32:37\",\"dataChangeLastModifiedBy\":\"蔡昭全(0002551)\",\"dataChangeLastModifiedTime\":\"2019-10-17 11:32:37\"},{\"namespaceId\":1,\"key\":\"spring.session.namespace\",\"value\":\"JobAdmin\",\"comment\":\"\",\"lineNum\":12,\"id\":114,\"isDeleted\":false,\"dataChangeCreatedBy\":\"蔡昭全(0002551)\",\"dataChangeCreatedTime\":\"2019-10-17 11:32:37\",\"dataChangeLastModifiedBy\":\"蔡昭全(0002551)\",\"dataChangeLastModifiedTime\":\"2019-10-17 11:32:37\"},{\"namespaceId\":1,\"key\":\"spring.session.maxInactiveIntervalInSeconds\",\"value\":\"7200\",\"comment\":\"\",\"lineNum\":13,\"id\":115,\"isDeleted\":false,\"dataChangeCreatedBy\":\"蔡昭全(0002551)\",\"dataChangeCreatedTime\":\"2019-10-17 11:32:37\",\"dataChangeLastModifiedBy\":\"蔡昭全(0002551)\",\"dataChangeLastModifiedTime\":\"2019-10-17 11:32:37\"},{\"namespaceId\":1,\"key\":\"unitop-job.email.host\",\"value\":\"mail.uni-top.com\",\"comment\":\"\",\"lineNum\":14,\"id\":116,\"isDeleted\":false,\"dataChangeCreatedBy\":\"蔡昭全(0002551)\",\"dataChangeCreatedTime\":\"2019-10-17 11:32:37\",\"dataChangeLastModifiedBy\":\"蔡昭全(0002551)\",\"dataChangeLastModifiedTime\":\"2019-10-17 11:32:37\"},{\"namespaceId\":1,\"key\":\"unitop-job.i18n\",\"value\":\"\",\"comment\":\"\",\"lineNum\":15,\"id\":117,\"isDeleted\":false,\"dataChangeCreatedBy\":\"蔡昭全(0002551)\",\"dataChangeCreatedTime\":\"2019-10-17 11:32:37\",\"dataChangeLastModifiedBy\":\"蔡昭全(0002551)\",\"dataChangeLastModifiedTime\":\"2019-10-17 11:32:37\"},{\"namespaceId\":1,\"key\":\"unitop-job.accessToken\",\"value\":\"\",\"comment\":\"\",\"lineNum\":16,\"id\":118,\"isDeleted\":false,\"dataChangeCreatedBy\":\"蔡昭全(0002551)\",\"dataChangeCreatedTime\":\"2019-10-17 11:32:37\",\"dataChangeLastModifiedBy\":\"蔡昭全(0002551)\",\"dataChangeLastModifiedTime\":\"2019-10-17 11:32:37\"},{\"namespaceId\":1,\"key\":\"unitop-job.email.port\",\"value\":\"25\",\"comment\":\"\",\"lineNum\":17,\"id\":119,\"isDeleted\":false,\"dataChangeCreatedBy\":\"蔡昭全(0002551)\",\"dataChangeCreatedTime\":\"2019-10-17 11:32:37\",\"dataChangeLastModifiedBy\":\"蔡昭全(0002551)\",\"dataChangeLastModifiedTime\":\"2019-10-17 11:32:37\"},{\"namespaceId\":1,\"key\":\"unitop-job.email.ssl\",\"value\":\"false\",\"comment\":\"\",\"lineNum\":18,\"id\":120,\"isDeleted\":false,\"dataChangeCreatedBy\":\"蔡昭全(0002551)\",\"dataChangeCreatedTime\":\"2019-10-17 11:32:37\",\"dataChangeLastModifiedBy\":\"蔡昭全(0002551)\",\"dataChangeLastModifiedTime\":\"2019-10-17 11:32:37\"},{\"namespaceId\":1,\"key\":\"unitop-job.email.sendNick\",\"value\":\"《应用任务调度平台》\",\"comment\":\"\",\"lineNum\":19,\"id\":121,\"isDeleted\":false,\"dataChangeCreatedBy\":\"蔡昭全(0002551)\",\"dataChangeCreatedTime\":\"2019-10-17 11:32:37\",\"dataChangeLastModifiedBy\":\"蔡昭全(0002551)\",\"dataChangeLastModifiedTime\":\"2019-10-17 11:32:37\"}],\"updateItems\":[],\"deleteItems\":[]}','jobplatform','default','application',NULL,'\0','蔡昭全(0002551)','2019-10-17 11:32:37','蔡昭全(0002551)','2019-10-17 11:32:37'), ('29','{\"createItems\":[{\"namespaceId\":11,\"key\":\"redis.pool.minIdle\",\"value\":\"1\",\"comment\":\"\",\"lineNum\":4,\"id\":122,\"isDeleted\":false,\"dataChangeCreatedBy\":\"蔡昭全(0002551)\",\"dataChangeCreatedTime\":\"2019-10-17 11:33:33\",\"dataChangeLastModifiedBy\":\"蔡昭全(0002551)\",\"dataChangeLastModifiedTime\":\"2019-10-17 11:33:33\"},{\"namespaceId\":11,\"key\":\"redis.pool.maxTotal\",\"value\":\"300\",\"comment\":\"\",\"lineNum\":5,\"id\":123,\"isDeleted\":false,\"dataChangeCreatedBy\":\"蔡昭全(0002551)\",\"dataChangeCreatedTime\":\"2019-10-17 11:33:33\",\"dataChangeLastModifiedBy\":\"蔡昭全(0002551)\",\"dataChangeLastModifiedTime\":\"2019-10-17 11:33:33\"},{\"namespaceId\":11,\"key\":\"redis.pool.maxIdle\",\"value\":\"10\",\"comment\":\"\",\"lineNum\":6,\"id\":124,\"isDeleted\":false,\"dataChangeCreatedBy\":\"蔡昭全(0002551)\",\"dataChangeCreatedTime\":\"2019-10-17 11:33:33\",\"dataChangeLastModifiedBy\":\"蔡昭全(0002551)\",\"dataChangeLastModifiedTime\":\"2019-10-17 11:33:33\"},{\"namespaceId\":11,\"key\":\"redis.pool.maxWaitMillis\",\"value\":\"1500\",\"comment\":\"\",\"lineNum\":7,\"id\":125,\"isDeleted\":false,\"dataChangeCreatedBy\":\"蔡昭全(0002551)\",\"dataChangeCreatedTime\":\"2019-10-17 11:33:33\",\"dataChangeLastModifiedBy\":\"蔡昭全(0002551)\",\"dataChangeLastModifiedTime\":\"2019-10-17 11:33:33\"},{\"namespaceId\":11,\"key\":\"redis.pool.testOnBorrow\",\"value\":\"true\",\"comment\":\"\",\"lineNum\":8,\"id\":126,\"isDeleted\":false,\"dataChangeCreatedBy\":\"蔡昭全(0002551)\",\"dataChangeCreatedTime\":\"2019-10-17 11:33:33\",\"dataChangeLastModifiedBy\":\"蔡昭全(0002551)\",\"dataChangeLastModifiedTime\":\"2019-10-17 11:33:33\"},{\"namespaceId\":11,\"key\":\"redis.pool.testWhileIdle\",\"value\":\"true\",\"comment\":\"\",\"lineNum\":9,\"id\":127,\"isDeleted\":false,\"dataChangeCreatedBy\":\"蔡昭全(0002551)\",\"dataChangeCreatedTime\":\"2019-10-17 11:33:33\",\"dataChangeLastModifiedBy\":\"蔡昭全(0002551)\",\"dataChangeLastModifiedTime\":\"2019-10-17 11:33:33\"},{\"namespaceId\":11,\"key\":\"redis.pool.blockWhenExhausted\",\"value\":\"false\",\"comment\":\"\",\"lineNum\":10,\"id\":128,\"isDeleted\":false,\"dataChangeCreatedBy\":\"蔡昭全(0002551)\",\"dataChangeCreatedTime\":\"2019-10-17 11:33:33\",\"dataChangeLastModifiedBy\":\"蔡昭全(0002551)\",\"dataChangeLastModifiedTime\":\"2019-10-17 11:33:33\"},{\"namespaceId\":11,\"key\":\"redis.cache.defaultexpiration\",\"value\":\"3600\",\"comment\":\"\",\"lineNum\":11,\"id\":129,\"isDeleted\":false,\"dataChangeCreatedBy\":\"蔡昭全(0002551)\",\"dataChangeCreatedTime\":\"2019-10-17 11:33:33\",\"dataChangeLastModifiedBy\":\"蔡昭全(0002551)\",\"dataChangeLastModifiedTime\":\"2019-10-17 11:33:33\"},{\"namespaceId\":11,\"key\":\"redis.cache.usePrefix\",\"value\":\"true\",\"comment\":\"\",\"lineNum\":12,\"id\":130,\"isDeleted\":false,\"dataChangeCreatedBy\":\"蔡昭全(0002551)\",\"dataChangeCreatedTime\":\"2019-10-17 11:33:33\",\"dataChangeLastModifiedBy\":\"蔡昭全(0002551)\",\"dataChangeLastModifiedTime\":\"2019-10-17 11:33:33\"},{\"namespaceId\":11,\"key\":\"redis.cache.enable\",\"value\":\"true\",\"comment\":\"\",\"lineNum\":13,\"id\":131,\"isDeleted\":false,\"dataChangeCreatedBy\":\"蔡昭全(0002551)\",\"dataChangeCreatedTime\":\"2019-10-17 11:33:33\",\"dataChangeLastModifiedBy\":\"蔡昭全(0002551)\",\"dataChangeLastModifiedTime\":\"2019-10-17 11:33:33\"},{\"namespaceId\":11,\"key\":\"redis.timeout\",\"value\":\"3000\",\"comment\":\"\",\"lineNum\":14,\"id\":132,\"isDeleted\":false,\"dataChangeCreatedBy\":\"蔡昭全(0002551)\",\"dataChangeCreatedTime\":\"2019-10-17 11:33:33\",\"dataChangeLastModifiedBy\":\"蔡昭全(0002551)\",\"dataChangeLastModifiedTime\":\"2019-10-17 11:33:33\"},{\"namespaceId\":11,\"key\":\"redis.usePool\",\"value\":\"true\",\"comment\":\"\",\"lineNum\":15,\"id\":133,\"isDeleted\":false,\"dataChangeCreatedBy\":\"蔡昭全(0002551)\",\"dataChangeCreatedTime\":\"2019-10-17 11:33:33\",\"dataChangeLastModifiedBy\":\"蔡昭全(0002551)\",\"dataChangeLastModifiedTime\":\"2019-10-17 11:33:33\"},{\"namespaceId\":11,\"key\":\"redis.dbIndex\",\"value\":\"0\",\"comment\":\"\",\"lineNum\":16,\"id\":134,\"isDeleted\":false,\"dataChangeCreatedBy\":\"蔡昭全(0002551)\",\"dataChangeCreatedTime\":\"2019-10-17 11:33:33\",\"dataChangeLastModifiedBy\":\"蔡昭全(0002551)\",\"dataChangeLastModifiedTime\":\"2019-10-17 11:33:33\"},{\"namespaceId\":11,\"key\":\"redis.instance\",\"value\":\"cluster\",\"comment\":\"\",\"lineNum\":17,\"id\":135,\"isDeleted\":false,\"dataChangeCreatedBy\":\"蔡昭全(0002551)\",\"dataChangeCreatedTime\":\"2019-10-17 11:33:33\",\"dataChangeLastModifiedBy\":\"蔡昭全(0002551)\",\"dataChangeLastModifiedTime\":\"2019-10-17 11:33:33\"},{\"namespaceId\":11,\"key\":\"redis.cluster.maxRedirects\",\"value\":\"5\",\"comment\":\"\",\"lineNum\":18,\"id\":136,\"isDeleted\":false,\"dataChangeCreatedBy\":\"蔡昭全(0002551)\",\"dataChangeCreatedTime\":\"2019-10-17 11:33:33\",\"dataChangeLastModifiedBy\":\"蔡昭全(0002551)\",\"dataChangeLastModifiedTime\":\"2019-10-17 11:33:33\"}],\"updateItems\":[],\"deleteItems\":[]}','jobplatform','default','redis',NULL,'\0','蔡昭全(0002551)','2019-10-17 11:33:34','蔡昭全(0002551)','2019-10-17 11:33:34'), ('30','{\"createItems\":[],\"updateItems\":[{\"oldItem\":{\"namespaceId\":1,\"key\":\"job.redis.hostName\",\"value\":\"ENC(F7122B90B64186F2F5F52725D6347454)\",\"comment\":\"\",\"lineNum\":8,\"id\":110,\"isDeleted\":false,\"dataChangeCreatedBy\":\"蔡昭全(0002551)\",\"dataChangeCreatedTime\":\"2019-10-17 11:32:37\",\"dataChangeLastModifiedBy\":\"蔡昭全(0002551)\",\"dataChangeLastModifiedTime\":\"2019-10-17 11:32:37\"},\"newItem\":{\"namespaceId\":1,\"key\":\"job.redis.hostName\",\"value\":\"ENC(B8FEDA7EDADB6833DE7C7D3EB381108C)\",\"comment\":\"\",\"lineNum\":8,\"id\":110,\"isDeleted\":false,\"dataChangeCreatedBy\":\"蔡昭全(0002551)\",\"dataChangeCreatedTime\":\"2019-10-17 11:32:37\",\"dataChangeLastModifiedBy\":\"蔡昭全(0002551)\",\"dataChangeLastModifiedTime\":\"2019-10-17 11:34:29\"}}],\"deleteItems\":[]}','jobplatform','default','application',NULL,'\0','蔡昭全(0002551)','2019-10-17 11:34:30','蔡昭全(0002551)','2019-10-17 11:34:30'), ('31','{\"createItems\":[],\"updateItems\":[{\"oldItem\":{\"namespaceId\":1,\"key\":\"unitop.sso.server\",\"value\":\"ENC(86181478DA5E183DBD9280571B9196EADFDF4DF4206549CE31D6E5923C245BF2)\",\"comment\":\"\",\"lineNum\":4,\"id\":106,\"isDeleted\":false,\"dataChangeCreatedBy\":\"蔡昭全(0002551)\",\"dataChangeCreatedTime\":\"2019-10-17 11:32:37\",\"dataChangeLastModifiedBy\":\"蔡昭全(0002551)\",\"dataChangeLastModifiedTime\":\"2019-10-17 11:32:37\"},\"newItem\":{\"namespaceId\":1,\"key\":\"unitop.sso.server\",\"value\":\"ENC(26C61867D4D9452EEBA86CE70EEF18D9BCCB464ED9E8CAB934F3F69F634F0163)\",\"comment\":\"\",\"lineNum\":4,\"id\":106,\"isDeleted\":false,\"dataChangeCreatedBy\":\"蔡昭全(0002551)\",\"dataChangeCreatedTime\":\"2019-10-17 11:32:37\",\"dataChangeLastModifiedBy\":\"蔡昭全(0002551)\",\"dataChangeLastModifiedTime\":\"2019-10-17 11:35:40\"}}],\"deleteItems\":[]}','jobplatform','default','application',NULL,'\0','蔡昭全(0002551)','2019-10-17 11:35:41','蔡昭全(0002551)','2019-10-17 11:35:41'), ('32','{\"createItems\":[{\"namespaceId\":1,\"key\":\"spring.datasource.url\",\"value\":\"ENC(75B1BCE2219D1CB3701FA17B9E3E91F11FF8B06DC350E2047DD4C54BA02EA2E19A118D254ABC51D7D6879DB2E0C5DD4E4FDDB78E0F153A7261263223EDCA17EACFD8E602208807F932BFE4FBB0695643)\",\"comment\":\"\",\"lineNum\":20,\"id\":137,\"isDeleted\":false,\"dataChangeCreatedBy\":\"蔡昭全(0002551)\",\"dataChangeCreatedTime\":\"2019-10-17 11:38:00\",\"dataChangeLastModifiedBy\":\"蔡昭全(0002551)\",\"dataChangeLastModifiedTime\":\"2019-10-17 11:38:00\"},{\"namespaceId\":1,\"key\":\"spring.datasource.username\",\"value\":\"ENC(D93BB9F44BC319EC249E469822CF62D2)\",\"comment\":\"\",\"lineNum\":21,\"id\":138,\"isDeleted\":false,\"dataChangeCreatedBy\":\"蔡昭全(0002551)\",\"dataChangeCreatedTime\":\"2019-10-17 11:38:00\",\"dataChangeLastModifiedBy\":\"蔡昭全(0002551)\",\"dataChangeLastModifiedTime\":\"2019-10-17 11:38:00\"},{\"namespaceId\":1,\"key\":\"spring.datasource.password\",\"value\":\"ENC(D93BB9F44BC319EC249E469822CF62D2)\",\"comment\":\"\",\"lineNum\":22,\"id\":139,\"isDeleted\":false,\"dataChangeCreatedBy\":\"蔡昭全(0002551)\",\"dataChangeCreatedTime\":\"2019-10-17 11:38:00\",\"dataChangeLastModifiedBy\":\"蔡昭全(0002551)\",\"dataChangeLastModifiedTime\":\"2019-10-17 11:38:00\"}],\"updateItems\":[],\"deleteItems\":[]}','jobplatform','default','application',NULL,'\0','蔡昭全(0002551)','2019-10-17 11:38:00','蔡昭全(0002551)','2019-10-17 11:38:00'), ('33','{\"createItems\":[],\"updateItems\":[{\"oldItem\":{\"namespaceId\":1,\"key\":\"spring.datasource.url\",\"value\":\"ENC(75B1BCE2219D1CB3701FA17B9E3E91F11FF8B06DC350E2047DD4C54BA02EA2E19A118D254ABC51D7D6879DB2E0C5DD4E4FDDB78E0F153A7261263223EDCA17EACFD8E602208807F932BFE4FBB0695643)\",\"comment\":\"\",\"lineNum\":20,\"id\":137,\"isDeleted\":false,\"dataChangeCreatedBy\":\"蔡昭全(0002551)\",\"dataChangeCreatedTime\":\"2019-10-17 11:38:00\",\"dataChangeLastModifiedBy\":\"蔡昭全(0002551)\",\"dataChangeLastModifiedTime\":\"2019-10-17 11:38:00\"},\"newItem\":{\"namespaceId\":1,\"key\":\"spring.datasource.url\",\"value\":\"ENC(75B1BCE2219D1CB3701FA17B9E3E91F12D03934EEE4D1977FF7764AC6A34D7AF9A118D254ABC51D7D6879DB2E0C5DD4E4FDDB78E0F153A7261263223EDCA17EACFD8E602208807F932BFE4FBB0695643)\",\"comment\":\"\",\"lineNum\":20,\"id\":137,\"isDeleted\":false,\"dataChangeCreatedBy\":\"蔡昭全(0002551)\",\"dataChangeCreatedTime\":\"2019-10-17 11:38:00\",\"dataChangeLastModifiedBy\":\"蔡昭全(0002551)\",\"dataChangeLastModifiedTime\":\"2019-10-17 11:40:15\"}},{\"oldItem\":{\"namespaceId\":1,\"key\":\"spring.datasource.username\",\"value\":\"ENC(D93BB9F44BC319EC249E469822CF62D2)\",\"comment\":\"\",\"lineNum\":21,\"id\":138,\"isDeleted\":false,\"dataChangeCreatedBy\":\"蔡昭全(0002551)\",\"dataChangeCreatedTime\":\"2019-10-17 11:38:00\",\"dataChangeLastModifiedBy\":\"蔡昭全(0002551)\",\"dataChangeLastModifiedTime\":\"2019-10-17 11:38:00\"},\"newItem\":{\"namespaceId\":1,\"key\":\"spring.datasource.username\",\"value\":\"ENC(9F5FB57EDDB76A7D7B02800D215CF756)\",\"comment\":\"\",\"lineNum\":21,\"id\":138,\"isDeleted\":false,\"dataChangeCreatedBy\":\"蔡昭全(0002551)\",\"dataChangeCreatedTime\":\"2019-10-17 11:38:00\",\"dataChangeLastModifiedBy\":\"蔡昭全(0002551)\",\"dataChangeLastModifiedTime\":\"2019-10-17 11:40:15\"}},{\"oldItem\":{\"namespaceId\":1,\"key\":\"spring.datasource.password\",\"value\":\"ENC(D93BB9F44BC319EC249E469822CF62D2)\",\"comment\":\"\",\"lineNum\":22,\"id\":139,\"isDeleted\":false,\"dataChangeCreatedBy\":\"蔡昭全(0002551)\",\"dataChangeCreatedTime\":\"2019-10-17 11:38:00\",\"dataChangeLastModifiedBy\":\"蔡昭全(0002551)\",\"dataChangeLastModifiedTime\":\"2019-10-17 11:38:00\"},\"newItem\":{\"namespaceId\":1,\"key\":\"spring.datasource.password\",\"value\":\"ENC(BE83DA0AB5CB5F635CFF0A8CF6951B7C)\",\"comment\":\"\",\"lineNum\":22,\"id\":139,\"isDeleted\":false,\"dataChangeCreatedBy\":\"蔡昭全(0002551)\",\"dataChangeCreatedTime\":\"2019-10-17 11:38:00\",\"dataChangeLastModifiedBy\":\"蔡昭全(0002551)\",\"dataChangeLastModifiedTime\":\"2019-10-17 11:40:15\"}}],\"deleteItems\":[]}','jobplatform','default','application',NULL,'\0','蔡昭全(0002551)','2019-10-17 11:40:16','蔡昭全(0002551)','2019-10-17 11:40:16'), ('34','{\"createItems\":[{\"namespaceId\":4,\"key\":\"code.appId\",\"value\":\"ENC(D2548FA39BD674FBE29C0E180B5A60174D2C89058E51109B145A28C821697EA6B23C926FA22AFCA7124A6D04476199E5)\",\"comment\":\"\",\"lineNum\":11,\"id\":140,\"isDeleted\":false,\"dataChangeCreatedBy\":\"蔡昭全(0002551)\",\"dataChangeCreatedTime\":\"2019-10-17 17:56:56\",\"dataChangeLastModifiedBy\":\"蔡昭全(0002551)\",\"dataChangeLastModifiedTime\":\"2019-10-17 17:56:56\"},{\"namespaceId\":4,\"key\":\"code.appSecret\",\"value\":\"ENC(9441B9CA4C10835F0A9F2C5EF8498510E8882C3DE4ED7B9977CD4107BAB8DC5BB23C926FA22AFCA7124A6D04476199E5)\",\"comment\":\"\",\"lineNum\":12,\"id\":141,\"isDeleted\":false,\"dataChangeCreatedBy\":\"蔡昭全(0002551)\",\"dataChangeCreatedTime\":\"2019-10-17 17:56:56\",\"dataChangeLastModifiedBy\":\"蔡昭全(0002551)\",\"dataChangeLastModifiedTime\":\"2019-10-17 17:56:56\"}],\"updateItems\":[],\"deleteItems\":[]}','unitopsso','default','application',NULL,'\0','蔡昭全(0002551)','2019-10-17 17:56:56','蔡昭全(0002551)','2019-10-17 17:56:56'), ('35','{\"createItems\":[{\"namespaceId\":4,\"key\":\"code.enable\",\"value\":\"true\",\"comment\":\"\",\"lineNum\":13,\"id\":142,\"isDeleted\":false,\"dataChangeCreatedBy\":\"蔡昭全(0002551)\",\"dataChangeCreatedTime\":\"2019-10-18 09:19:19\",\"dataChangeLastModifiedBy\":\"蔡昭全(0002551)\",\"dataChangeLastModifiedTime\":\"2019-10-18 09:19:19\"}],\"updateItems\":[],\"deleteItems\":[]}','unitopsso','default','application',NULL,'\0','蔡昭全(0002551)','2019-10-18 09:19:20','蔡昭全(0002551)','2019-10-18 09:19:20'), ('36','{\"createItems\":[{\"namespaceId\":4,\"key\":\"code.serverUrl\",\"value\":\"ENC(26C61867D4D9452EEBA86CE70EEF18D952986D0AD8B4A345957040D0AA48184E)\",\"comment\":\"\",\"lineNum\":14,\"id\":143,\"isDeleted\":false,\"dataChangeCreatedBy\":\"蔡昭全(0002551)\",\"dataChangeCreatedTime\":\"2019-10-18 16:14:14\",\"dataChangeLastModifiedBy\":\"蔡昭全(0002551)\",\"dataChangeLastModifiedTime\":\"2019-10-18 16:14:14\"}],\"updateItems\":[],\"deleteItems\":[]}','unitopsso','default','application',NULL,'\0','蔡昭全(0002551)','2019-10-18 16:14:14','蔡昭全(0002551)','2019-10-18 16:14:14'), ('37','{\"createItems\":[],\"updateItems\":[{\"oldItem\":{\"namespaceId\":5,\"key\":\"spring.datasource.oracle.password\",\"value\":\"ENC(7CF3601360CCD40510E5B2E3FB46CD4D)\",\"comment\":\"\",\"lineNum\":6,\"id\":62,\"isDeleted\":false,\"dataChangeCreatedBy\":\"蔡昭全(0002551)\",\"dataChangeCreatedTime\":\"2019-10-15 15:55:03\",\"dataChangeLastModifiedBy\":\"蔡昭全(0002551)\",\"dataChangeLastModifiedTime\":\"2019-10-15 17:34:04\"},\"newItem\":{\"namespaceId\":5,\"key\":\"spring.datasource.oracle.password\",\"value\":\"ENC(C639E9E1F0C84D7C82B9400C044BB787)\",\"comment\":\"\",\"lineNum\":6,\"id\":62,\"isDeleted\":false,\"dataChangeCreatedBy\":\"蔡昭全(0002551)\",\"dataChangeCreatedTime\":\"2019-10-15 15:55:03\",\"dataChangeLastModifiedBy\":\"蔡昭全(0002551)\",\"dataChangeLastModifiedTime\":\"2019-11-01 13:43:33\"}}],\"deleteItems\":[]}','10000001','default','application',NULL,'\0','蔡昭全(0002551)','2019-11-01 13:43:33','蔡昭全(0002551)','2019-11-01 13:43:33');
INSERT INTO `GrayReleaseRule` VALUES ('1','10000002','default','application','20191011164534-fc2f00915ad8c48d','[{\"clientAppId\":\"10000002\",\"clientIpList\":[\"172.25.208.1\"]}]','6','1','','蔡昭全(0002551)','2019-10-11 17:14:10','蔡昭全(0002551)','2019-10-11 17:32:33'), ('2','10000002','default','application','20191011164534-fc2f00915ad8c48d','[{\"clientAppId\":\"10000002\",\"clientIpList\":[\"172.25.208.1\"]}]','7','1','','蔡昭全(0002551)','2019-10-11 17:17:10','蔡昭全(0002551)','2019-10-11 17:32:57'), ('3','10000002','default','application','20191011164534-fc2f00915ad8c48d','[]','7','0','\0','蔡昭全(0002551)','2019-10-11 17:17:34','蔡昭全(0002551)','2019-10-11 17:17:34');
INSERT INTO `Instance` VALUES ('1','10000002','default','','172.25.208.1','2019-10-11 17:13:04','2019-10-11 17:13:04'), ('2','100003173','default','','172.25.208.1','2019-10-14 08:43:31','2019-10-14 08:43:31'), ('3','100003173','default','','10.1.5.85','2019-10-14 09:00:12','2019-10-14 09:00:12'), ('4','jobplatform','default','','172.25.208.1','2019-10-14 13:36:05','2019-10-14 13:36:05'), ('5','jobplatform','default','','10.1.54.202','2019-10-14 13:47:02','2019-10-14 13:47:02'), ('6','10000001','default','','10.1.2.182','2019-10-15 16:02:46','2019-10-15 16:02:46'), ('7','10000001','default','','10.1.2.183','2019-10-15 16:18:46','2019-10-15 16:18:46'), ('8','unitopsso','default','','172.25.208.1','2019-10-16 14:37:54','2019-10-16 14:37:54'), ('9','unitopsso','default','','172.17.0.3','2019-10-16 15:16:00','2019-10-16 15:16:00'), ('10','unitopsso','default','','172.17.0.2','2019-10-16 15:16:14','2019-10-16 15:16:14'), ('11','unitopsso','default','','10.1.6.23','2019-10-16 17:53:04','2019-10-16 17:53:04'), ('12','unitopsso','default','','10.1.6.22','2019-10-16 17:53:10','2019-10-16 17:53:10');
INSERT INTO `InstanceConfig` VALUES ('2','1','10000002','default','application','20191015171358-fc2f00915ad8c49b','2019-10-15 17:21:59','2019-10-11 17:17:32','2019-10-15 17:21:59'), ('3','2','100003173','default','redis','20191014084311-75e400915ad8c494','2019-10-14 08:43:30','2019-10-14 08:43:30','2019-10-15 10:15:11'), ('4','3','100003173','default','redis','20191015172659-75e400915ad8c49d','2019-10-15 17:26:58','2019-10-14 09:00:12','2020-07-10 06:41:12'), ('5','3','100003173','default','application','20191016085831-95b900915ad8c4a2','2019-10-16 08:58:30','2019-10-14 09:01:35','2020-07-09 22:16:11'), ('6','4','jobplatform','default','redis','20191014134649-36e900915ad8c499','2019-10-14 13:46:51','2019-10-14 13:36:05','2019-10-14 13:46:52'), ('7','5','jobplatform','default','redis','20191014134649-36e900915ad8c499','2019-10-14 13:47:01','2019-10-14 13:47:01','2019-10-14 13:47:01'), ('8','5','jobplatform','default','application','20191014111612-56be00915ad8c497','2019-10-14 13:47:16','2019-10-14 13:47:16','2019-10-14 13:47:16'), ('9','2','100003173','default','application','20191014090136-95b900915ad8c495','2019-10-15 10:15:11','2019-10-15 10:15:11','2019-10-15 10:15:11'), ('10','6','10000001','default','application','20191101142330-f86e00915ad8c4ab','2019-11-01 14:23:43','2019-10-15 16:02:46','2019-11-08 14:23:50'), ('11','7','10000001','default','application','20191101142330-f86e00915ad8c4ab','2019-11-01 14:23:28','2019-10-15 16:18:45','2019-11-08 14:24:59'), ('12','8','unitopsso','default','application','20191016141127-829800915ad8c4a4','2019-10-16 14:37:54','2019-10-16 14:37:54','2019-10-16 14:37:54'), ('13','8','unitopsso','default','redis','20191016143719-62c300915ad8c4a5','2019-10-16 14:37:55','2019-10-16 14:37:55','2019-10-16 14:37:55'), ('14','9','unitopsso','default','application','20191018161417-829800915ad8c4aa','2019-10-18 16:14:15','2019-10-16 15:15:59','2020-06-28 13:02:03'), ('15','9','unitopsso','default','redis','20191016143719-62c300915ad8c4a5','2019-10-16 15:15:59','2019-10-16 15:15:59','2020-06-28 12:27:02'), ('16','10','unitopsso','default','application','20191018161417-829800915ad8c4aa','2019-10-18 16:14:15','2019-10-16 15:16:13','2020-06-28 13:10:26'), ('17','10','unitopsso','default','redis','20191016143719-62c300915ad8c4a5','2019-10-16 15:16:13','2019-10-16 15:16:13','2020-06-28 12:25:26'), ('18','11','unitopsso','default','application','20191018161417-829800915ad8c4aa','2019-10-18 16:14:15','2019-10-16 17:53:04','2020-07-10 09:39:53'), ('19','11','unitopsso','default','redis','20191016143719-62c300915ad8c4a5','2019-10-16 17:53:04','2019-10-16 17:53:04','2020-07-10 09:44:53'), ('20','12','unitopsso','default','application','20191018161417-829800915ad8c4aa','2019-10-18 16:14:15','2019-10-16 17:53:10','2020-07-10 09:44:07'), ('21','12','unitopsso','default','redis','20191016143719-62c300915ad8c4a5','2019-10-16 17:53:10','2019-10-16 17:53:10','2020-07-10 09:44:07');
INSERT INTO `Item` VALUES ('1','1','app.appname','JobAdmin','dd','1','\0','0002551','2019-10-11 09:00:24','蔡昭全(0002551)','2019-10-14 13:45:02'), ('2','7','app.appname','unitopAPPDemo_JDBC','','1','\0','0002551','2019-10-11 16:05:26','蔡昭全(0002551)','2019-10-11 16:19:23'), ('3','7','app.jobadmin','http://10.1.5.60:8080/jobadmin','','2','\0','0002551','2019-10-11 16:05:26','蔡昭全(0002551)','2019-10-11 16:19:38'), ('4','7','spring.datasource.db-name','mysql,oracle','','3','\0','0002551','2019-10-11 16:05:26','蔡昭全(0002551)','2019-10-11 16:19:38'), ('5','7','spring.datasource.mysql.driver-class-name','com.mysql.jdbc.Driver','','4','\0','0002551','2019-10-11 16:05:27','蔡昭全(0002551)','2019-10-11 16:19:38'), ('6','7','spring.datasource.mysql.url','ENC(F13BBE79C2EABFC554F1E851895EA3F873E15D1A1EBE58A9A60A8D0C8B762475F30832A03B038183A0F167D13B32FA9F9A7F8A27F66754094902FB5A0431C6F6F0E1F8C88E27CE8CD2D2A4F024E8E66F)','','5','\0','0002551','2019-10-11 16:05:27','蔡昭全(0002551)','2019-10-15 17:13:54'), ('7','7','spring.datasource.mysql.username','ENC(9F5FB57EDDB76A7D7B02800D215CF756)','','6','\0','0002551','2019-10-11 16:05:27','蔡昭全(0002551)','2019-10-15 17:13:54'), ('8','7','spring.datasource.mysql.password','ENC(8409743DD5CB104AF424428C42439DEA)','','7','\0','0002551','2019-10-11 16:05:27','蔡昭全(0002551)','2019-10-15 17:17:41'), ('9','7','mybatis.mysql.scan.basePackages','com.unitop.apollo.demo.mysql','','8','\0','0002551','2019-10-11 16:05:27','蔡昭全(0002551)','2019-10-11 16:19:38'), ('10','7','mybatis.mysql.mapper-locations','classpath*:mybatis/xml/*.xml','','9','\0','0002551','2019-10-11 16:05:27','蔡昭全(0002551)','2019-10-11 16:19:38'), ('11','7','mybatis.mysql.type-aliases-package','','','10','\0','0002551','2019-10-11 16:05:27','蔡昭全(0002551)','2019-10-11 16:19:38'), ('12','7','spring.datasource.oracle.driver-class-name','oracle.jdbc.OracleDriver','','11','\0','0002551','2019-10-11 16:05:27','蔡昭全(0002551)','2019-10-11 16:19:38'), ('13','7','spring.datasource.oracle.url','ENC(AB4F2139681FB8ECFB6145D0CCEAD21002124A49623A91CB531F04A92FE5850A75EDAB8BBE309890672C57620C97253E)','','12','\0','0002551','2019-10-11 16:05:27','蔡昭全(0002551)','2019-10-15 17:13:54'), ('14','7','spring.datasource.oracle.username','ENC(93764BB418FCBC3C25804528BA8A2912)','','13','\0','0002551','2019-10-11 16:05:27','蔡昭全(0002551)','2019-10-15 17:13:54'), ('15','7','spring.datasource.oracle.password','ENC(8409743DD5CB104AF424428C42439DEA)','','14','\0','0002551','2019-10-11 16:05:27','蔡昭全(0002551)','2019-10-15 17:13:54'), ('16','7','spring.datasource.oracle.poolPreparedStatements','true','','15','\0','0002551','2019-10-11 16:05:27','蔡昭全(0002551)','2019-10-11 16:19:38'), ('17','7','spring.datasource.oracle.maxPoolPreparedStatementPerConnectionSize','100','','16','\0','0002551','2019-10-11 16:05:27','蔡昭全(0002551)','2019-10-11 16:19:38'), ('18','7','mybatis.oracle.scan.basePackages','com.unitop.apollo.demo.oracle','','17','\0','0002551','2019-10-11 16:05:27','蔡昭全(0002551)','2019-10-11 16:19:38'), ('19','7','mybatis.oracle.mapper-locations','classpath*:mybatis/xml/*.xml','','18','\0','0002551','2019-10-11 16:05:27','蔡昭全(0002551)','2019-10-11 16:19:38'), ('20','7','mybatis.oracle.type-aliases-package','','','19','\0','0002551','2019-10-11 16:05:27','蔡昭全(0002551)','2019-10-11 16:19:38'), ('21','7','spring.datasource.initialSize','3','','20','\0','0002551','2019-10-11 16:05:27','蔡昭全(0002551)','2019-10-11 16:19:38'), ('22','7','spring.datasource.minIdle','3','','21','\0','0002551','2019-10-11 16:05:27','蔡昭全(0002551)','2019-10-11 16:19:38'), ('23','7','spring.datasource.maxActive','17','','22','\0','0002551','2019-10-11 16:05:27','蔡昭全(0002551)','2019-10-11 16:19:38'), ('24','7','spring.datasource.maxWait','60000','','23','\0','0002551','2019-10-11 16:05:27','蔡昭全(0002551)','2019-10-11 16:19:38'), ('25','7','spring.datasource.timeBetweenEvictionRunsMillis','60000','','24','\0','0002551','2019-10-11 16:05:27','蔡昭全(0002551)','2019-10-11 16:19:38'), ('26','7','spring.datasource.minEvictableIdleTimeMillis','60000','','25','\0','0002551','2019-10-11 16:05:27','蔡昭全(0002551)','2019-10-11 16:19:38'), ('27','7','spring.datasource.testWhileIdle','true','','26','\0','0002551','2019-10-11 16:05:27','蔡昭全(0002551)','2019-10-11 16:19:38'), ('28','7','spring.datasource.filters','stat,wall,log4j','','27','\0','0002551','2019-10-11 16:05:27','蔡昭全(0002551)','2019-10-11 16:19:38'), ('29','7','spring.datasource.connectionProperties','druid.stat.mergeSql=true;druid.stat.slowSqlMillis=5000','','28','\0','0002551','2019-10-11 16:05:27','蔡昭全(0002551)','2019-10-11 16:19:38'), ('30','7','spring.datasource.useGlobalDataSourceStat','true','','29','\0','0002551','2019-10-11 16:05:27','蔡昭全(0002551)','2019-10-11 16:19:38'), ('31','7','app.test','2','','2','','0002551','2019-10-11 16:06:31','蔡昭全(0002551)','2019-10-11 16:19:10'), ('32','7','app.test2','3',NULL,'31','','蔡昭全(0002551)','2019-10-11 16:06:56','蔡昭全(0002551)','2019-10-11 16:19:15'), ('33','8','spring.datasource.mysql.url','jdbc:mysql://10.1.5.61:3306/test?useUnicode=true&characterEncoding=UTF-8',NULL,'1','','蔡昭全(0002551)','2019-10-11 17:16:19','蔡昭全(0002551)','2019-10-11 17:32:56'), ('34','8','spring.datasource.mysql.password','123456',NULL,'2','','蔡昭全(0002551)','2019-10-11 17:16:36','蔡昭全(0002551)','2019-10-11 17:32:56'), ('35','8','spring.datasource.mysql.username','root',NULL,'3','','蔡昭全(0002551)','2019-10-11 17:16:51','蔡昭全(0002551)','2019-10-11 17:32:56'), ('36','10','redis.password','ENC(8F3B52CB6B6A557532319377380103DE)','','1','\0','蔡昭全(0002551)','2019-10-14 08:43:00','蔡昭全(0002551)','2019-10-15 17:25:59'), ('37','10','redis.pool.maxTotal','300','','2','\0','蔡昭全(0002551)','2019-10-14 08:43:00','蔡昭全(0002551)','2019-10-14 08:43:00'), ('38','10','redis.pool.maxIdle','10','','3','\0','蔡昭全(0002551)','2019-10-14 08:43:00','蔡昭全(0002551)','2019-10-14 08:43:00'), ('39','10','redis.pool.minIdle','0','','4','\0','蔡昭全(0002551)','2019-10-14 08:43:00','蔡昭全(0002551)','2019-10-14 08:43:00'), ('40','10','redis.pool.maxWaitMillis','1500','','5','\0','蔡昭全(0002551)','2019-10-14 08:43:00','蔡昭全(0002551)','2019-10-14 08:43:00'), ('41','10','redis.pool.testOnBorrow','true','','6','\0','蔡昭全(0002551)','2019-10-14 08:43:00','蔡昭全(0002551)','2019-10-14 08:43:00'), ('42','10','redis.pool.testWhileIdle','true','','7','\0','蔡昭全(0002551)','2019-10-14 08:43:00','蔡昭全(0002551)','2019-10-14 08:43:00'), ('43','10','redis.pool.blockWhenExhausted','false','','8','\0','蔡昭全(0002551)','2019-10-14 08:43:00','蔡昭全(0002551)','2019-10-14 08:43:00'), ('44','10','redis.cache.defaultexpiration','3600','','9','\0','蔡昭全(0002551)','2019-10-14 08:43:00','蔡昭全(0002551)','2019-10-14 08:43:00'), ('45','10','redis.cache.usePrefix','true','','10','\0','蔡昭全(0002551)','2019-10-14 08:43:00','蔡昭全(0002551)','2019-10-14 08:43:00'), ('46','10','redis.cache.enable','true','','11','\0','蔡昭全(0002551)','2019-10-14 08:43:00','蔡昭全(0002551)','2019-10-14 08:43:00'), ('47','10','redis.hostName','ENC(B8FEDA7EDADB6833DE7C7D3EB381108C)','','12','\0','蔡昭全(0002551)','2019-10-14 08:43:00','蔡昭全(0002551)','2019-10-15 17:25:59'), ('48','10','redis.port','6379','','13','\0','蔡昭全(0002551)','2019-10-14 08:43:00','蔡昭全(0002551)','2019-10-14 08:43:00'), ('49','10','redis.timeout','3000','','14','\0','蔡昭全(0002551)','2019-10-14 08:43:00','蔡昭全(0002551)','2019-10-14 08:43:00'), ('50','10','redis.usePool','true','','15','\0','蔡昭全(0002551)','2019-10-14 08:43:00','蔡昭全(0002551)','2019-10-14 08:43:00'), ('51','10','redis.dbIndex','0','','16','\0','蔡昭全(0002551)','2019-10-14 08:43:00','蔡昭全(0002551)','2019-10-14 08:43:00'), ('52','10','redis.instance','cluster','','17','\0','蔡昭全(0002551)','2019-10-14 08:43:00','蔡昭全(0002551)','2019-10-14 08:43:00'), ('53','10','redis.cluster.maxRedirects','5','','18','\0','蔡昭全(0002551)','2019-10-14 08:43:00','蔡昭全(0002551)','2019-10-14 08:43:00'), ('54','11','redis.hostName','ENC(B8FEDA7EDADB6833DE7C7D3EB381108C)','','3','\0','蔡昭全(0002551)','2019-10-14 11:15:08','蔡昭全(0002551)','2019-10-15 17:27:40'), ('55','11','redis.port','6379','','1','\0','蔡昭全(0002551)','2019-10-14 11:15:08','蔡昭全(0002551)','2019-10-15 17:27:40'), ('56','11','redis.password','ENC(8F3B52CB6B6A557532319377380103DE)','','2','\0','蔡昭全(0002551)','2019-10-14 11:15:08','蔡昭全(0002551)','2019-10-15 17:27:40'), ('57','5','spring.datasource.oracle.url','ENC(AB4F2139681FB8ECFB6145D0CCEAD210D0D399CC56925B702B76EDB70FFB5C08777216EE9403ED9CEF75FFDA5174FB5203C2F88BCC71D80E6C7266435F564E697745D5A861DDA73A2E93437D97905C8998FC2E78C4BCEEFEF33D69AAF12B86039C369A13601ACB3B5DFC6BBA090DE1B137DA3DC2B5F32BFA1499FCCDF8322B9026A9F550021B0E0ADC4012CA0FBA3720)','','1','\0','蔡昭全(0002551)','2019-10-15 15:55:03','蔡昭全(0002551)','2019-10-15 17:34:04'), ('58','5','spring.datasource.initialSize','5','','2','\0','蔡昭全(0002551)','2019-10-15 15:55:03','蔡昭全(0002551)','2019-10-15 15:55:03'), ('59','5','spring.datasource.db-name','oracle','','3','\0','蔡昭全(0002551)','2019-10-15 15:55:03','蔡昭全(0002551)','2019-10-15 15:55:03'), ('60','5','spring.datasource.oracle.driver-class-name','oracle.jdbc.OracleDriver','','4','\0','蔡昭全(0002551)','2019-10-15 15:55:03','蔡昭全(0002551)','2019-10-15 15:55:03'), ('61','5','spring.datasource.oracle.username','ENC(5008B618BFC7A737345126CD76FEDD6B)','','5','\0','蔡昭全(0002551)','2019-10-15 15:55:03','蔡昭全(0002551)','2019-10-15 17:34:04'), ('62','5','spring.datasource.oracle.password','ENC(C639E9E1F0C84D7C82B9400C044BB787)','','6','\0','蔡昭全(0002551)','2019-10-15 15:55:03','蔡昭全(0002551)','2019-11-01 13:43:33'), ('63','5','mybatis.oracle.scan.basePackages','com.unitop.athena2.dao','','7','\0','蔡昭全(0002551)','2019-10-15 15:55:03','蔡昭全(0002551)','2019-10-15 15:55:03'), ('64','5','mybatis.oracle.mapper-locations','classpath*:mapping/*.xml','','8','\0','蔡昭全(0002551)','2019-10-15 15:55:03','蔡昭全(0002551)','2019-10-15 15:55:03'), ('65','5','mybatis.oracle.type-aliases-package','','','9','\0','蔡昭全(0002551)','2019-10-15 15:55:03','蔡昭全(0002551)','2019-10-15 15:55:03'), ('66','5','spring.datasource.minIdle','3','','10','\0','蔡昭全(0002551)','2019-10-15 15:55:03','蔡昭全(0002551)','2019-10-15 15:55:03'), ('67','5','spring.datasource.maxActive','17','','11','\0','蔡昭全(0002551)','2019-10-15 15:55:03','蔡昭全(0002551)','2019-10-15 15:55:03'), ('68','5','spring.datasource.maxWait','60000','','12','\0','蔡昭全(0002551)','2019-10-15 15:55:03','蔡昭全(0002551)','2019-10-15 15:55:03'), ('69','5','spring.datasource.timeBetweenEvictionRunsMillis','60000','','13','\0','蔡昭全(0002551)','2019-10-15 15:55:03','蔡昭全(0002551)','2019-10-15 15:55:03'), ('70','5','spring.datasource.minEvictableIdleTimeMillis','60000','','14','\0','蔡昭全(0002551)','2019-10-15 15:55:03','蔡昭全(0002551)','2019-10-15 15:55:03'), ('71','5','spring.datasource.testWhileIdle','true','','15','\0','蔡昭全(0002551)','2019-10-15 15:55:03','蔡昭全(0002551)','2019-10-15 15:55:03'), ('72','5','spring.datasource.filters','stat,wall,log4j','','16','\0','蔡昭全(0002551)','2019-10-15 15:55:03','蔡昭全(0002551)','2019-10-15 15:55:03'), ('73','5','spring.datasource.connectionProperties','druid.stat.mergeSql=true;druid.stat.slowSqlMillis=5000','','17','\0','蔡昭全(0002551)','2019-10-15 15:55:03','蔡昭全(0002551)','2019-10-15 15:55:03'), ('74','5','spring.datasource.useGlobalDataSourceStat','true','','18','\0','蔡昭全(0002551)','2019-10-15 15:55:03','蔡昭全(0002551)','2019-10-15 15:55:03'), ('75','5','spring.datasource.statView.allow','ENC(3F7CB53B64E77E8E0F67F77AB6268914)','','19','\0','蔡昭全(0002551)','2019-10-15 15:55:03','蔡昭全(0002551)','2019-10-15 17:34:04'), ('76','4','spring.datasource.url','ENC(AB4F2139681FB8ECFB6145D0CCEAD210D0D399CC56925B702B76EDB70FFB5C08777216EE9403ED9CEF75FFDA5174FB5203C2F88BCC71D80E6C7266435F564E697745D5A861DDA73A2E93437D97905C89CB38CBF8DB761025B43CFFD8D6921E639C369A13601ACB3B5DFC6BBA090DE1B17D9B63FD3065ACF72A9927FEC39E31E0FB106B514BCEC5CFCCF94A2F99F6539C)','','1','\0','蔡昭全(0002551)','2019-10-16 14:11:18','蔡昭全(0002551)','2019-10-16 14:11:18'), ('77','4','spring.datasource.username','ENC(22CD6F3CF63EAE6DCB37B14D4B629CEA)','','2','\0','蔡昭全(0002551)','2019-10-16 14:11:18','蔡昭全(0002551)','2019-10-16 14:11:18'), ('78','4','spring.datasource.password','ENC(2559A95A9929AE9C419488318E42CAC7)','','3','\0','蔡昭全(0002551)','2019-10-16 14:11:18','蔡昭全(0002551)','2019-10-16 14:11:18'), ('79','4','spring.datasource.driver-class-name','oracle.jdbc.OracleDriver','','4','\0','蔡昭全(0002551)','2019-10-16 14:11:18','蔡昭全(0002551)','2019-10-16 14:11:18'), ('80','4','spring.datasource.max-idle','10','','5','\0','蔡昭全(0002551)','2019-10-16 14:11:18','蔡昭全(0002551)','2019-10-16 14:11:18'), ('81','4','spring.datasource.max-wait','10000','','6','\0','蔡昭全(0002551)','2019-10-16 14:11:18','蔡昭全(0002551)','2019-10-16 14:11:18'), ('82','4','spring.datasource.min-idle','5','','7','\0','蔡昭全(0002551)','2019-10-16 14:11:18','蔡昭全(0002551)','2019-10-16 14:11:18'), ('83','4','spring.datasource.initial-size','5','','8','\0','蔡昭全(0002551)','2019-10-16 14:11:18','蔡昭全(0002551)','2019-10-16 14:11:18'), ('84','4','unitop.sso.redis.expire.minite','480','','9','\0','蔡昭全(0002551)','2019-10-16 14:11:18','蔡昭全(0002551)','2019-10-16 14:11:18'), ('85','4','unitop.sso.ignorePattern','/jobAPI,/router,/sessionTimeout.jsp,/test.html,/static,/assets,/login,/doLogin,/**/app/**,/health','','10','\0','蔡昭全(0002551)','2019-10-16 14:11:18','蔡昭全(0002551)','2019-10-16 14:11:18'), ('86','12','redis.pool.maxTotal','300','','1','\0','蔡昭全(0002551)','2019-10-16 14:36:39','蔡昭全(0002551)','2019-10-16 14:36:39'), ('87','12','redis.pool.maxIdle','10','','2','\0','蔡昭全(0002551)','2019-10-16 14:36:39','蔡昭全(0002551)','2019-10-16 14:36:39'), ('88','12','redis.pool.minIdle','0','','3','\0','蔡昭全(0002551)','2019-10-16 14:36:39','蔡昭全(0002551)','2019-10-16 14:36:39'), ('89','12','redis.pool.maxWaitMillis','1500','','4','\0','蔡昭全(0002551)','2019-10-16 14:36:39','蔡昭全(0002551)','2019-10-16 14:36:39'), ('90','12','redis.pool.testOnBorrow','true','','5','\0','蔡昭全(0002551)','2019-10-16 14:36:39','蔡昭全(0002551)','2019-10-16 14:36:39'), ('91','12','redis.pool.testWhileIdle','true','','6','\0','蔡昭全(0002551)','2019-10-16 14:36:39','蔡昭全(0002551)','2019-10-16 14:36:39'), ('92','12','redis.pool.blockWhenExhausted','false','','7','\0','蔡昭全(0002551)','2019-10-16 14:36:39','蔡昭全(0002551)','2019-10-16 14:36:39'), ('93','12','redis.cache.defaultexpiration','3600','','8','\0','蔡昭全(0002551)','2019-10-16 14:36:39','蔡昭全(0002551)','2019-10-16 14:36:39'), ('94','12','redis.cache.usePrefix','true','','9','\0','蔡昭全(0002551)','2019-10-16 14:36:39','蔡昭全(0002551)','2019-10-16 14:36:39'), ('95','12','redis.cache.enable','true','','10','\0','蔡昭全(0002551)','2019-10-16 14:36:39','蔡昭全(0002551)','2019-10-16 14:36:39'), ('96','12','redis.port','6379','','11','\0','蔡昭全(0002551)','2019-10-16 14:36:39','蔡昭全(0002551)','2019-10-16 14:36:39'), ('97','12','redis.timeout','3000','','12','\0','蔡昭全(0002551)','2019-10-16 14:36:39','蔡昭全(0002551)','2019-10-16 14:36:39'), ('98','12','redis.password','ENC(8F3B52CB6B6A557532319377380103DE)','','13','\0','蔡昭全(0002551)','2019-10-16 14:36:39','蔡昭全(0002551)','2019-10-16 14:36:39'), ('99','12','redis.hostName','ENC(B8FEDA7EDADB6833DE7C7D3EB381108C)','','14','\0','蔡昭全(0002551)','2019-10-16 14:36:39','蔡昭全(0002551)','2019-10-16 14:37:14'), ('100','12','redis.usePool','true','','15','\0','蔡昭全(0002551)','2019-10-16 14:36:39','蔡昭全(0002551)','2019-10-16 14:36:39');
INSERT INTO `Item` VALUES ('101','12','redis.dbIndex','0','','16','\0','蔡昭全(0002551)','2019-10-16 14:36:39','蔡昭全(0002551)','2019-10-16 14:36:39'), ('102','12','redis.instance','cluster','','17','\0','蔡昭全(0002551)','2019-10-16 14:36:39','蔡昭全(0002551)','2019-10-16 14:36:39'), ('103','12','redis.cluster.maxRedirects','5','','18','\0','蔡昭全(0002551)','2019-10-16 14:36:39','蔡昭全(0002551)','2019-10-16 14:36:39'), ('104','1','unitop-job.email.username','ENC(EE42780065B2ACF7F2C8F12740E398BA61D78B3C298B3ABE882325BD66698D5B)','','2','\0','蔡昭全(0002551)','2019-10-17 11:32:37','蔡昭全(0002551)','2019-10-17 11:32:37'), ('105','1','unitop-job.email.password','ENC(41D15EA07CAD76005A8727FA412A8708)','','3','\0','蔡昭全(0002551)','2019-10-17 11:32:37','蔡昭全(0002551)','2019-10-17 11:32:37'), ('106','1','unitop.sso.server','ENC(26C61867D4D9452EEBA86CE70EEF18D9BCCB464ED9E8CAB934F3F69F634F0163)','','4','\0','蔡昭全(0002551)','2019-10-17 11:32:37','蔡昭全(0002551)','2019-10-17 11:35:41'), ('107','1','unitop.sso.ignorePattern','ENC(87FC91ACEA86AC581D3052818F0F861022C0161FF8870AAE323A0D8DF083752D1464A0D245D42E6C5EC6CB61DCC0631F898F591E3FDAE14E0FF3C29B14581D7E6634DE19FDDC1339FEE1DDACDD52283466A30BACFBAB809C5FABE7A2479DA88A19276DB447E90D8BBB927EE0EA4C8CBA)','','5','\0','蔡昭全(0002551)','2019-10-17 11:32:37','蔡昭全(0002551)','2019-10-17 11:32:37'), ('108','1','job.redis.port','6379','','6','\0','蔡昭全(0002551)','2019-10-17 11:32:37','蔡昭全(0002551)','2019-10-17 11:32:37'), ('109','1','job.redis.password','ENC(8F3B52CB6B6A557532319377380103DE)','','7','\0','蔡昭全(0002551)','2019-10-17 11:32:37','蔡昭全(0002551)','2019-10-17 11:32:37'), ('110','1','job.redis.hostName','ENC(B8FEDA7EDADB6833DE7C7D3EB381108C)','','8','\0','蔡昭全(0002551)','2019-10-17 11:32:37','蔡昭全(0002551)','2019-10-17 11:34:30'), ('111','1','server.servlet.session.timeout','PT1H','','9','\0','蔡昭全(0002551)','2019-10-17 11:32:37','蔡昭全(0002551)','2019-10-17 11:32:37'), ('112','1','unitop.sso.logout.path','/logout','','10','\0','蔡昭全(0002551)','2019-10-17 11:32:37','蔡昭全(0002551)','2019-10-17 11:32:37'), ('113','1','unitop.sso.redis.expire.minite','480','','11','\0','蔡昭全(0002551)','2019-10-17 11:32:37','蔡昭全(0002551)','2019-10-17 11:32:37'), ('114','1','spring.session.namespace','JobAdmin','','12','\0','蔡昭全(0002551)','2019-10-17 11:32:37','蔡昭全(0002551)','2019-10-17 11:32:37'), ('115','1','spring.session.maxInactiveIntervalInSeconds','7200','','13','\0','蔡昭全(0002551)','2019-10-17 11:32:37','蔡昭全(0002551)','2019-10-17 11:32:37'), ('116','1','unitop-job.email.host','mail.uni-top.com','','14','\0','蔡昭全(0002551)','2019-10-17 11:32:37','蔡昭全(0002551)','2019-10-17 11:32:37'), ('117','1','unitop-job.i18n','','','15','\0','蔡昭全(0002551)','2019-10-17 11:32:37','蔡昭全(0002551)','2019-10-17 11:32:37'), ('118','1','unitop-job.accessToken','','','16','\0','蔡昭全(0002551)','2019-10-17 11:32:37','蔡昭全(0002551)','2019-10-17 11:32:37'), ('119','1','unitop-job.email.port','25','','17','\0','蔡昭全(0002551)','2019-10-17 11:32:37','蔡昭全(0002551)','2019-10-17 11:32:37'), ('120','1','unitop-job.email.ssl','false','','18','\0','蔡昭全(0002551)','2019-10-17 11:32:37','蔡昭全(0002551)','2019-10-17 11:32:37'), ('121','1','unitop-job.email.sendNick','《应用任务调度平台》','','19','\0','蔡昭全(0002551)','2019-10-17 11:32:37','蔡昭全(0002551)','2019-10-17 11:32:37'), ('122','11','redis.pool.minIdle','1','','4','\0','蔡昭全(0002551)','2019-10-17 11:33:34','蔡昭全(0002551)','2019-10-17 11:33:34'), ('123','11','redis.pool.maxTotal','300','','5','\0','蔡昭全(0002551)','2019-10-17 11:33:34','蔡昭全(0002551)','2019-10-17 11:33:34'), ('124','11','redis.pool.maxIdle','10','','6','\0','蔡昭全(0002551)','2019-10-17 11:33:34','蔡昭全(0002551)','2019-10-17 11:33:34'), ('125','11','redis.pool.maxWaitMillis','1500','','7','\0','蔡昭全(0002551)','2019-10-17 11:33:34','蔡昭全(0002551)','2019-10-17 11:33:34'), ('126','11','redis.pool.testOnBorrow','true','','8','\0','蔡昭全(0002551)','2019-10-17 11:33:34','蔡昭全(0002551)','2019-10-17 11:33:34'), ('127','11','redis.pool.testWhileIdle','true','','9','\0','蔡昭全(0002551)','2019-10-17 11:33:34','蔡昭全(0002551)','2019-10-17 11:33:34'), ('128','11','redis.pool.blockWhenExhausted','false','','10','\0','蔡昭全(0002551)','2019-10-17 11:33:34','蔡昭全(0002551)','2019-10-17 11:33:34'), ('129','11','redis.cache.defaultexpiration','3600','','11','\0','蔡昭全(0002551)','2019-10-17 11:33:34','蔡昭全(0002551)','2019-10-17 11:33:34'), ('130','11','redis.cache.usePrefix','true','','12','\0','蔡昭全(0002551)','2019-10-17 11:33:34','蔡昭全(0002551)','2019-10-17 11:33:34'), ('131','11','redis.cache.enable','true','','13','\0','蔡昭全(0002551)','2019-10-17 11:33:34','蔡昭全(0002551)','2019-10-17 11:33:34'), ('132','11','redis.timeout','3000','','14','\0','蔡昭全(0002551)','2019-10-17 11:33:34','蔡昭全(0002551)','2019-10-17 11:33:34'), ('133','11','redis.usePool','true','','15','\0','蔡昭全(0002551)','2019-10-17 11:33:34','蔡昭全(0002551)','2019-10-17 11:33:34'), ('134','11','redis.dbIndex','0','','16','\0','蔡昭全(0002551)','2019-10-17 11:33:34','蔡昭全(0002551)','2019-10-17 11:33:34'), ('135','11','redis.instance','cluster','','17','\0','蔡昭全(0002551)','2019-10-17 11:33:34','蔡昭全(0002551)','2019-10-17 11:33:34'), ('136','11','redis.cluster.maxRedirects','5','','18','\0','蔡昭全(0002551)','2019-10-17 11:33:34','蔡昭全(0002551)','2019-10-17 11:33:34'), ('137','1','spring.datasource.url','ENC(75B1BCE2219D1CB3701FA17B9E3E91F12D03934EEE4D1977FF7764AC6A34D7AF9A118D254ABC51D7D6879DB2E0C5DD4E4FDDB78E0F153A7261263223EDCA17EACFD8E602208807F932BFE4FBB0695643)','','20','\0','蔡昭全(0002551)','2019-10-17 11:38:00','蔡昭全(0002551)','2019-10-17 11:40:16'), ('138','1','spring.datasource.username','ENC(9F5FB57EDDB76A7D7B02800D215CF756)','','21','\0','蔡昭全(0002551)','2019-10-17 11:38:00','蔡昭全(0002551)','2019-10-17 11:40:16'), ('139','1','spring.datasource.password','ENC(BE83DA0AB5CB5F635CFF0A8CF6951B7C)','','22','\0','蔡昭全(0002551)','2019-10-17 11:38:00','蔡昭全(0002551)','2019-10-17 11:40:16'), ('140','4','code.appId','ENC(D2548FA39BD674FBE29C0E180B5A60174D2C89058E51109B145A28C821697EA6B23C926FA22AFCA7124A6D04476199E5)','','11','\0','蔡昭全(0002551)','2019-10-17 17:56:56','蔡昭全(0002551)','2019-10-17 17:56:56'), ('141','4','code.appSecret','ENC(9441B9CA4C10835F0A9F2C5EF8498510E8882C3DE4ED7B9977CD4107BAB8DC5BB23C926FA22AFCA7124A6D04476199E5)','','12','\0','蔡昭全(0002551)','2019-10-17 17:56:56','蔡昭全(0002551)','2019-10-17 17:56:56'), ('142','4','code.enable','true','','13','\0','蔡昭全(0002551)','2019-10-18 09:19:20','蔡昭全(0002551)','2019-10-18 09:19:20'), ('143','4','code.serverUrl','ENC(26C61867D4D9452EEBA86CE70EEF18D952986D0AD8B4A345957040D0AA48184E)','','14','\0','蔡昭全(0002551)','2019-10-18 16:14:14','蔡昭全(0002551)','2019-10-18 16:14:14');
INSERT INTO `Namespace` VALUES ('1','jobplatform','default','application','\0','0002551','2019-10-09 16:40:04','0002551','2019-10-09 16:40:04'), ('4','unitopsso','default','application','\0','0002551','2019-10-09 17:44:17','0002551','2019-10-09 17:44:17'), ('5','10000001','default','application','\0','0002551','2019-10-09 17:56:48','0002551','2019-10-09 17:56:48'), ('6','jobplatform','default','jobPrivate','','0002551','2019-10-10 14:21:57','蔡昭全(0002551)','2019-10-14 11:14:04'), ('7','10000002','default','application','\0','0002551','2019-10-10 14:58:28','0002551','2019-10-10 14:58:28'), ('8','10000002','20191011164534-fc2f00915ad8c48d','application','','蔡昭全(0002551)','2019-10-11 16:45:35','蔡昭全(0002551)','2019-10-11 17:17:34'), ('9','100003173','default','application','\0','蔡昭全(0002551)','2019-10-12 13:41:36','蔡昭全(0002551)','2019-10-12 13:41:36'), ('10','100003173','default','redis','\0','蔡昭全(0002551)','2019-10-12 13:42:16','蔡昭全(0002551)','2019-10-12 13:42:16'), ('11','jobplatform','default','redis','\0','蔡昭全(0002551)','2019-10-14 11:14:37','蔡昭全(0002551)','2019-10-14 11:14:37'), ('12','unitopsso','default','redis','\0','蔡昭全(0002551)','2019-10-16 14:12:52','蔡昭全(0002551)','2019-10-16 14:12:52');
INSERT INTO `Release` VALUES ('15','20191015171358-fc2f00915ad8c49b','20191015172053-release','','10000002','default','application','{\"app.jobadmin\":\"http://10.1.5.60:8080/jobadmin\",\"spring.datasource.oracle.poolPreparedStatements\":\"true\",\"spring.datasource.mysql.driver-class-name\":\"com.mysql.jdbc.Driver\",\"spring.datasource.oracle.driver-class-name\":\"oracle.jdbc.OracleDriver\",\"spring.datasource.timeBetweenEvictionRunsMillis\":\"60000\",\"spring.datasource.minIdle\":\"3\",\"mybatis.oracle.scan.basePackages\":\"com.unitop.apollo.demo.oracle\",\"mybatis.oracle.type-aliases-package\":\"\",\"spring.datasource.maxActive\":\"17\",\"spring.datasource.maxWait\":\"60000\",\"spring.datasource.filters\":\"stat,wall,log4j\",\"spring.datasource.initialSize\":\"3\",\"spring.datasource.useGlobalDataSourceStat\":\"true\",\"spring.datasource.connectionProperties\":\"druid.stat.mergeSql\\u003dtrue;druid.stat.slowSqlMillis\\u003d5000\",\"spring.datasource.db-name\":\"mysql,oracle\",\"spring.datasource.mysql.password\":\"ENC(9F5FB57EDDB76A7D7B02800D215CF756)\",\"spring.datasource.oracle.url\":\"ENC(AB4F2139681FB8ECFB6145D0CCEAD21002124A49623A91CB531F04A92FE5850A75EDAB8BBE309890672C57620C97253E)\",\"spring.datasource.oracle.username\":\"ENC(93764BB418FCBC3C25804528BA8A2912)\",\"mybatis.mysql.type-aliases-package\":\"\",\"spring.datasource.oracle.maxPoolPreparedStatementPerConnectionSize\":\"100\",\"spring.datasource.testWhileIdle\":\"true\",\"mybatis.oracle.mapper-locations\":\"classpath*:mybatis/xml/*.xml\",\"mybatis.mysql.scan.basePackages\":\"com.unitop.apollo.demo.mysql\",\"spring.datasource.mysql.url\":\"ENC(F13BBE79C2EABFC554F1E851895EA3F873E15D1A1EBE58A9A60A8D0C8B762475F30832A03B038183A0F167D13B32FA9F9A7F8A27F66754094902FB5A0431C6F6F0E1F8C88E27CE8CD2D2A4F024E8E66F)\",\"mybatis.mysql.mapper-locations\":\"classpath*:mybatis/xml/*.xml\",\"spring.datasource.minEvictableIdleTimeMillis\":\"60000\",\"app.appname\":\"unitopAPPDemo_JDBC\",\"spring.datasource.mysql.username\":\"ENC(9F5FB57EDDB76A7D7B02800D215CF756)\",\"spring.datasource.oracle.password\":\"ENC(8409743DD5CB104AF424428C42439DEA)\"}','\0','\0','蔡昭全(0002551)','2019-10-15 17:13:58','蔡昭全(0002551)','2019-10-15 17:13:58'), ('16','20191015171745-fc2f00915ad8c49c','20191015172441-release','','10000002','default','application','{\"app.jobadmin\":\"http://10.1.5.60:8080/jobadmin\",\"spring.datasource.oracle.poolPreparedStatements\":\"true\",\"spring.datasource.mysql.driver-class-name\":\"com.mysql.jdbc.Driver\",\"spring.datasource.oracle.driver-class-name\":\"oracle.jdbc.OracleDriver\",\"spring.datasource.timeBetweenEvictionRunsMillis\":\"60000\",\"spring.datasource.minIdle\":\"3\",\"mybatis.oracle.scan.basePackages\":\"com.unitop.apollo.demo.oracle\",\"mybatis.oracle.type-aliases-package\":\"\",\"spring.datasource.maxActive\":\"17\",\"spring.datasource.maxWait\":\"60000\",\"spring.datasource.filters\":\"stat,wall,log4j\",\"spring.datasource.initialSize\":\"3\",\"spring.datasource.useGlobalDataSourceStat\":\"true\",\"spring.datasource.connectionProperties\":\"druid.stat.mergeSql\\u003dtrue;druid.stat.slowSqlMillis\\u003d5000\",\"spring.datasource.db-name\":\"mysql,oracle\",\"spring.datasource.mysql.password\":\"ENC(8409743DD5CB104AF424428C42439DEA)\",\"spring.datasource.oracle.url\":\"ENC(AB4F2139681FB8ECFB6145D0CCEAD21002124A49623A91CB531F04A92FE5850A75EDAB8BBE309890672C57620C97253E)\",\"spring.datasource.oracle.username\":\"ENC(93764BB418FCBC3C25804528BA8A2912)\",\"mybatis.mysql.type-aliases-package\":\"\",\"spring.datasource.oracle.maxPoolPreparedStatementPerConnectionSize\":\"100\",\"spring.datasource.testWhileIdle\":\"true\",\"mybatis.oracle.mapper-locations\":\"classpath*:mybatis/xml/*.xml\",\"mybatis.mysql.scan.basePackages\":\"com.unitop.apollo.demo.mysql\",\"spring.datasource.mysql.url\":\"ENC(F13BBE79C2EABFC554F1E851895EA3F873E15D1A1EBE58A9A60A8D0C8B762475F30832A03B038183A0F167D13B32FA9F9A7F8A27F66754094902FB5A0431C6F6F0E1F8C88E27CE8CD2D2A4F024E8E66F)\",\"mybatis.mysql.mapper-locations\":\"classpath*:mybatis/xml/*.xml\",\"spring.datasource.minEvictableIdleTimeMillis\":\"60000\",\"app.appname\":\"unitopAPPDemo_JDBC\",\"spring.datasource.mysql.username\":\"ENC(9F5FB57EDDB76A7D7B02800D215CF756)\",\"spring.datasource.oracle.password\":\"ENC(8409743DD5CB104AF424428C42439DEA)\"}','','\0','蔡昭全(0002551)','2019-10-15 17:17:46','蔡昭全(0002551)','2019-10-15 17:22:01'), ('17','20191015172659-75e400915ad8c49d','20191015173355-release','','100003173','default','redis','{\"redis.pool.maxIdle\":\"10\",\"redis.hostName\":\"ENC(B8FEDA7EDADB6833DE7C7D3EB381108C)\",\"redis.pool.testWhileIdle\":\"true\",\"redis.port\":\"6379\",\"redis.timeout\":\"3000\",\"redis.instance\":\"cluster\",\"redis.pool.maxWaitMillis\":\"1500\",\"redis.pool.minIdle\":\"0\",\"redis.password\":\"ENC(8F3B52CB6B6A557532319377380103DE)\",\"redis.usePool\":\"true\",\"redis.cluster.maxRedirects\":\"5\",\"redis.pool.blockWhenExhausted\":\"false\",\"redis.pool.maxTotal\":\"300\",\"redis.cache.defaultexpiration\":\"3600\",\"redis.cache.enable\":\"true\",\"redis.cache.usePrefix\":\"true\",\"redis.pool.testOnBorrow\":\"true\",\"redis.dbIndex\":\"0\"}','\0','\0','蔡昭全(0002551)','2019-10-15 17:27:00','蔡昭全(0002551)','2019-10-15 17:27:00'), ('18','20191015172746-36e900915ad8c49e','20191015173442-release','','jobplatform','default','redis','{\"redis.password\":\"ENC(8F3B52CB6B6A557532319377380103DE)\",\"redis.hostName\":\"ENC(B8FEDA7EDADB6833DE7C7D3EB381108C)\",\"redis.port\":\"6379\"}','\0','\0','蔡昭全(0002551)','2019-10-15 17:27:46','蔡昭全(0002551)','2019-10-15 17:27:46'), ('19','20191015174047-f86e00915ad8c49f','20191015174742-release','','10000001','default','application','{\"spring.datasource.oracle.username\":\"ENC(5008B618BFC7A737345126CD76FEDD6B)\",\"spring.datasource.statView.allow\":\"ENC(3F7CB53B64E77E8E0F67F77AB6268914)\",\"spring.datasource.testWhileIdle\":\"true\",\"mybatis.oracle.mapper-locations\":\"classpath*:mapping/*.xml\",\"spring.datasource.oracle.driver-class-name\":\"oracle.jdbc.OracleDriver\",\"spring.datasource.timeBetweenEvictionRunsMillis\":\"60000\",\"spring.datasource.minIdle\":\"3\",\"mybatis.oracle.scan.basePackages\":\"com.unitop.athena2.dao\",\"spring.datasource.minEvictableIdleTimeMillis\":\"60000\",\"mybatis.oracle.type-aliases-package\":\"\",\"spring.datasource.maxActive\":\"17\",\"spring.datasource.maxWait\":\"60000\",\"spring.datasource.filters\":\"stat,wall,log4j\",\"spring.datasource.initialSize\":\"5\",\"spring.datasource.useGlobalDataSourceStat\":\"true\",\"spring.datasource.connectionProperties\":\"druid.stat.mergeSql\\u003dtrue;druid.stat.slowSqlMillis\\u003d5000\",\"spring.datasource.db-name\":\"oracle\",\"spring.datasource.oracle.url\":\"ENC(AB4F2139681FB8ECFB6145D0CCEAD210D0D399CC56925B702B76EDB70FFB5C08777216EE9403ED9CEF75FFDA5174FB5203C2F88BCC71D80E6C7266435F564E697745D5A861DDA73A2E93437D97905C8998FC2E78C4BCEEFEF33D69AAF12B86039C369A13601ACB3B5DFC6BBA090DE1B137DA3DC2B5F32BFA1499FCCDF8322B9026A9F550021B0E0ADC4012CA0FBA3720)\",\"spring.datasource.oracle.password\":\"ENC(7CF3601360CCD40510E5B2E3FB46CD4D)\"}','\0','\0','蔡昭全(0002551)','2019-10-15 17:40:47','蔡昭全(0002551)','2019-10-15 17:40:47'), ('20','20191016085447-fc2f00915ad8c4a0','20191016090140-release','','10000002','default','application','{\"app.jobadmin\":\"http://10.1.5.60:8080/jobadmin\",\"spring.datasource.oracle.poolPreparedStatements\":\"true\",\"spring.datasource.mysql.driver-class-name\":\"com.mysql.jdbc.Driver\",\"spring.datasource.oracle.driver-class-name\":\"oracle.jdbc.OracleDriver\",\"spring.datasource.timeBetweenEvictionRunsMillis\":\"60000\",\"spring.datasource.minIdle\":\"3\",\"mybatis.oracle.scan.basePackages\":\"com.unitop.apollo.demo.oracle\",\"mybatis.oracle.type-aliases-package\":\"\",\"spring.datasource.maxActive\":\"17\",\"spring.datasource.maxWait\":\"60000\",\"spring.datasource.filters\":\"stat,wall,log4j\",\"spring.datasource.initialSize\":\"3\",\"spring.datasource.useGlobalDataSourceStat\":\"true\",\"spring.datasource.connectionProperties\":\"druid.stat.mergeSql\\u003dtrue;druid.stat.slowSqlMillis\\u003d5000\",\"spring.datasource.db-name\":\"mysql,oracle\",\"spring.datasource.mysql.password\":\"ENC(8409743DD5CB104AF424428C42439DEA)\",\"spring.datasource.oracle.url\":\"ENC(AB4F2139681FB8ECFB6145D0CCEAD21002124A49623A91CB531F04A92FE5850A75EDAB8BBE309890672C57620C97253E)\",\"spring.datasource.oracle.username\":\"ENC(93764BB418FCBC3C25804528BA8A2912)\",\"mybatis.mysql.type-aliases-package\":\"\",\"spring.datasource.oracle.maxPoolPreparedStatementPerConnectionSize\":\"100\",\"spring.datasource.testWhileIdle\":\"true\",\"mybatis.oracle.mapper-locations\":\"classpath*:mybatis/xml/*.xml\",\"mybatis.mysql.scan.basePackages\":\"com.unitop.apollo.demo.mysql\",\"spring.datasource.mysql.url\":\"ENC(F13BBE79C2EABFC554F1E851895EA3F873E15D1A1EBE58A9A60A8D0C8B762475F30832A03B038183A0F167D13B32FA9F9A7F8A27F66754094902FB5A0431C6F6F0E1F8C88E27CE8CD2D2A4F024E8E66F)\",\"mybatis.mysql.mapper-locations\":\"classpath*:mybatis/xml/*.xml\",\"spring.datasource.minEvictableIdleTimeMillis\":\"60000\",\"app.appname\":\"unitopAPPDemo_JDBC\",\"spring.datasource.mysql.username\":\"ENC(9F5FB57EDDB76A7D7B02800D215CF756)\",\"spring.datasource.oracle.password\":\"ENC(8409743DD5CB104AF424428C42439DEA)\"}','\0','\0','蔡昭全(0002551)','2019-10-16 08:54:48','蔡昭全(0002551)','2019-10-16 08:54:48'), ('21','20191016085753-56be00915ad8c4a1','20191016090449-release','','jobplatform','default','application','{\"app.appname\":\"JobAdmin\"}','\0','\0','蔡昭全(0002551)','2019-10-16 08:57:54','蔡昭全(0002551)','2019-10-16 08:57:54'), ('22','20191016085831-95b900915ad8c4a2','20191016090526-release','','100003173','default','application','{}','\0','\0','蔡昭全(0002551)','2019-10-16 08:58:31','蔡昭全(0002551)','2019-10-16 08:58:31'), ('23','20191016085851-829800915ad8c4a3','20191016090547-release','','unitopsso','default','application','{}','\0','\0','蔡昭全(0002551)','2019-10-16 08:58:51','蔡昭全(0002551)','2019-10-16 08:58:51'), ('24','20191016141127-829800915ad8c4a4','20191016141823-release','','unitopsso','default','application','{\"spring.datasource.driver-class-name\":\"oracle.jdbc.OracleDriver\",\"spring.datasource.max-wait\":\"10000\",\"spring.datasource.username\":\"ENC(22CD6F3CF63EAE6DCB37B14D4B629CEA)\",\"unitop.sso.ignorePattern\":\"/jobAPI,/router,/sessionTimeout.jsp,/test.html,/static,/assets,/login,/doLogin,/**/app/**,/health\",\"spring.datasource.url\":\"ENC(AB4F2139681FB8ECFB6145D0CCEAD210D0D399CC56925B702B76EDB70FFB5C08777216EE9403ED9CEF75FFDA5174FB5203C2F88BCC71D80E6C7266435F564E697745D5A861DDA73A2E93437D97905C89CB38CBF8DB761025B43CFFD8D6921E639C369A13601ACB3B5DFC6BBA090DE1B17D9B63FD3065ACF72A9927FEC39E31E0FB106B514BCEC5CFCCF94A2F99F6539C)\",\"spring.datasource.max-idle\":\"10\",\"spring.datasource.min-idle\":\"5\",\"spring.datasource.initial-size\":\"5\",\"unitop.sso.redis.expire.minite\":\"480\",\"spring.datasource.password\":\"ENC(2559A95A9929AE9C419488318E42CAC7)\"}','\0','\0','蔡昭全(0002551)','2019-10-16 14:11:28','蔡昭全(0002551)','2019-10-16 14:11:28'), ('25','20191016143719-62c300915ad8c4a5','20191016144415-release','','unitopsso','default','redis','{\"redis.pool.maxIdle\":\"10\",\"redis.hostName\":\"ENC(B8FEDA7EDADB6833DE7C7D3EB381108C)\",\"redis.pool.testWhileIdle\":\"true\",\"redis.port\":\"6379\",\"redis.timeout\":\"3000\",\"redis.instance\":\"cluster\",\"redis.pool.maxWaitMillis\":\"1500\",\"redis.pool.minIdle\":\"0\",\"redis.password\":\"ENC(8F3B52CB6B6A557532319377380103DE)\",\"redis.usePool\":\"true\",\"redis.cluster.maxRedirects\":\"5\",\"redis.pool.blockWhenExhausted\":\"false\",\"redis.pool.maxTotal\":\"300\",\"redis.cache.defaultexpiration\":\"3600\",\"redis.cache.enable\":\"true\",\"redis.cache.usePrefix\":\"true\",\"redis.pool.testOnBorrow\":\"true\",\"redis.dbIndex\":\"0\"}','\0','\0','蔡昭全(0002551)','2019-10-16 14:37:20','蔡昭全(0002551)','2019-10-16 14:37:20'), ('26','20191017114034-36e900915ad8c4a6','20191017114730-release','','jobplatform','default','redis','{\"redis.pool.maxIdle\":\"10\",\"redis.hostName\":\"ENC(B8FEDA7EDADB6833DE7C7D3EB381108C)\",\"redis.port\":\"6379\",\"redis.pool.testWhileIdle\":\"true\",\"redis.timeout\":\"3000\",\"redis.instance\":\"cluster\",\"redis.pool.maxWaitMillis\":\"1500\",\"redis.pool.minIdle\":\"1\",\"redis.password\":\"ENC(8F3B52CB6B6A557532319377380103DE)\",\"redis.usePool\":\"true\",\"redis.cluster.maxRedirects\":\"5\",\"redis.pool.blockWhenExhausted\":\"false\",\"redis.pool.maxTotal\":\"300\",\"redis.cache.defaultexpiration\":\"3600\",\"redis.cache.enable\":\"true\",\"redis.cache.usePrefix\":\"true\",\"redis.pool.testOnBorrow\":\"true\",\"redis.dbIndex\":\"0\"}','\0','\0','蔡昭全(0002551)','2019-10-17 11:40:35','蔡昭全(0002551)','2019-10-17 11:40:35'), ('27','20191017114040-56be00915ad8c4a7','20191017114736-release','','jobplatform','default','application','{\"job.redis.hostName\":\"ENC(B8FEDA7EDADB6833DE7C7D3EB381108C)\",\"spring.session.maxInactiveIntervalInSeconds\":\"7200\",\"unitop.sso.server\":\"ENC(26C61867D4D9452EEBA86CE70EEF18D9BCCB464ED9E8CAB934F3F69F634F0163)\",\"unitop-job.email.password\":\"ENC(41D15EA07CAD76005A8727FA412A8708)\",\"unitop.sso.logout.path\":\"/logout\",\"spring.session.namespace\":\"JobAdmin\",\"server.servlet.session.timeout\":\"PT1H\",\"unitop-job.accessToken\":\"\",\"unitop-job.email.host\":\"mail.uni-top.com\",\"unitop-job.email.sendNick\":\"《应用任务调度平台》\",\"unitop-job.email.username\":\"ENC(EE42780065B2ACF7F2C8F12740E398BA61D78B3C298B3ABE882325BD66698D5B)\",\"unitop-job.email.ssl\":\"false\",\"unitop.sso.redis.expire.minite\":\"480\",\"spring.datasource.password\":\"ENC(BE83DA0AB5CB5F635CFF0A8CF6951B7C)\",\"unitop-job.i18n\":\"\",\"unitop-job.email.port\":\"25\",\"unitop.sso.ignorePattern\":\"ENC(87FC91ACEA86AC581D3052818F0F861022C0161FF8870AAE323A0D8DF083752D1464A0D245D42E6C5EC6CB61DCC0631F898F591E3FDAE14E0FF3C29B14581D7E6634DE19FDDC1339FEE1DDACDD52283466A30BACFBAB809C5FABE7A2479DA88A19276DB447E90D8BBB927EE0EA4C8CBA)\",\"job.redis.password\":\"ENC(8F3B52CB6B6A557532319377380103DE)\",\"spring.datasource.username\":\"ENC(9F5FB57EDDB76A7D7B02800D215CF756)\",\"job.redis.port\":\"6379\",\"spring.datasource.url\":\"ENC(75B1BCE2219D1CB3701FA17B9E3E91F12D03934EEE4D1977FF7764AC6A34D7AF9A118D254ABC51D7D6879DB2E0C5DD4E4FDDB78E0F153A7261263223EDCA17EACFD8E602208807F932BFE4FBB0695643)\",\"app.appname\":\"JobAdmin\"}','\0','\0','蔡昭全(0002551)','2019-10-17 11:40:41','蔡昭全(0002551)','2019-10-17 11:40:41'), ('28','20191017175700-829800915ad8c4a8','20191017180358-release','','unitopsso','default','application','{\"spring.datasource.driver-class-name\":\"oracle.jdbc.OracleDriver\",\"spring.datasource.max-wait\":\"10000\",\"spring.datasource.username\":\"ENC(22CD6F3CF63EAE6DCB37B14D4B629CEA)\",\"unitop.sso.ignorePattern\":\"/jobAPI,/router,/sessionTimeout.jsp,/test.html,/static,/assets,/login,/doLogin,/**/app/**,/health\",\"code.appSecret\":\"ENC(9441B9CA4C10835F0A9F2C5EF8498510E8882C3DE4ED7B9977CD4107BAB8DC5BB23C926FA22AFCA7124A6D04476199E5)\",\"code.appId\":\"ENC(D2548FA39BD674FBE29C0E180B5A60174D2C89058E51109B145A28C821697EA6B23C926FA22AFCA7124A6D04476199E5)\",\"spring.datasource.url\":\"ENC(AB4F2139681FB8ECFB6145D0CCEAD210D0D399CC56925B702B76EDB70FFB5C08777216EE9403ED9CEF75FFDA5174FB5203C2F88BCC71D80E6C7266435F564E697745D5A861DDA73A2E93437D97905C89CB38CBF8DB761025B43CFFD8D6921E639C369A13601ACB3B5DFC6BBA090DE1B17D9B63FD3065ACF72A9927FEC39E31E0FB106B514BCEC5CFCCF94A2F99F6539C)\",\"spring.datasource.max-idle\":\"10\",\"spring.datasource.min-idle\":\"5\",\"spring.datasource.initial-size\":\"5\",\"unitop.sso.redis.expire.minite\":\"480\",\"spring.datasource.password\":\"ENC(2559A95A9929AE9C419488318E42CAC7)\"}','\0','\0','蔡昭全(0002551)','2019-10-17 17:57:01','蔡昭全(0002551)','2019-10-17 17:57:01'), ('29','20191018091922-829800915ad8c4a9','20191018092620-release','','unitopsso','default','application','{\"code.appSecret\":\"ENC(9441B9CA4C10835F0A9F2C5EF8498510E8882C3DE4ED7B9977CD4107BAB8DC5BB23C926FA22AFCA7124A6D04476199E5)\",\"spring.datasource.min-idle\":\"5\",\"code.enable\":\"true\",\"spring.datasource.initial-size\":\"5\",\"unitop.sso.redis.expire.minite\":\"480\",\"spring.datasource.password\":\"ENC(2559A95A9929AE9C419488318E42CAC7)\",\"spring.datasource.driver-class-name\":\"oracle.jdbc.OracleDriver\",\"spring.datasource.max-wait\":\"10000\",\"spring.datasource.username\":\"ENC(22CD6F3CF63EAE6DCB37B14D4B629CEA)\",\"unitop.sso.ignorePattern\":\"/jobAPI,/router,/sessionTimeout.jsp,/test.html,/static,/assets,/login,/doLogin,/**/app/**,/health\",\"code.appId\":\"ENC(D2548FA39BD674FBE29C0E180B5A60174D2C89058E51109B145A28C821697EA6B23C926FA22AFCA7124A6D04476199E5)\",\"spring.datasource.url\":\"ENC(AB4F2139681FB8ECFB6145D0CCEAD210D0D399CC56925B702B76EDB70FFB5C08777216EE9403ED9CEF75FFDA5174FB5203C2F88BCC71D80E6C7266435F564E697745D5A861DDA73A2E93437D97905C89CB38CBF8DB761025B43CFFD8D6921E639C369A13601ACB3B5DFC6BBA090DE1B17D9B63FD3065ACF72A9927FEC39E31E0FB106B514BCEC5CFCCF94A2F99F6539C)\",\"spring.datasource.max-idle\":\"10\"}','\0','\0','蔡昭全(0002551)','2019-10-18 09:19:23','蔡昭全(0002551)','2019-10-18 09:19:23'), ('30','20191018161417-829800915ad8c4aa','20191018162115-release','','unitopsso','default','application','{\"code.appSecret\":\"ENC(9441B9CA4C10835F0A9F2C5EF8498510E8882C3DE4ED7B9977CD4107BAB8DC5BB23C926FA22AFCA7124A6D04476199E5)\",\"spring.datasource.min-idle\":\"5\",\"code.serverUrl\":\"ENC(26C61867D4D9452EEBA86CE70EEF18D952986D0AD8B4A345957040D0AA48184E)\",\"code.enable\":\"true\",\"spring.datasource.initial-size\":\"5\",\"unitop.sso.redis.expire.minite\":\"480\",\"spring.datasource.password\":\"ENC(2559A95A9929AE9C419488318E42CAC7)\",\"spring.datasource.driver-class-name\":\"oracle.jdbc.OracleDriver\",\"spring.datasource.max-wait\":\"10000\",\"spring.datasource.username\":\"ENC(22CD6F3CF63EAE6DCB37B14D4B629CEA)\",\"unitop.sso.ignorePattern\":\"/jobAPI,/router,/sessionTimeout.jsp,/test.html,/static,/assets,/login,/doLogin,/**/app/**,/health\",\"code.appId\":\"ENC(D2548FA39BD674FBE29C0E180B5A60174D2C89058E51109B145A28C821697EA6B23C926FA22AFCA7124A6D04476199E5)\",\"spring.datasource.url\":\"ENC(AB4F2139681FB8ECFB6145D0CCEAD210D0D399CC56925B702B76EDB70FFB5C08777216EE9403ED9CEF75FFDA5174FB5203C2F88BCC71D80E6C7266435F564E697745D5A861DDA73A2E93437D97905C89CB38CBF8DB761025B43CFFD8D6921E639C369A13601ACB3B5DFC6BBA090DE1B17D9B63FD3065ACF72A9927FEC39E31E0FB106B514BCEC5CFCCF94A2F99F6539C)\",\"spring.datasource.max-idle\":\"10\"}','\0','\0','蔡昭全(0002551)','2019-10-18 16:14:18','蔡昭全(0002551)','2019-10-18 16:14:18'), ('31','20191101142330-f86e00915ad8c4ab','20191101143046-release','','10000001','default','application','{\"spring.datasource.oracle.username\":\"ENC(5008B618BFC7A737345126CD76FEDD6B)\",\"spring.datasource.statView.allow\":\"ENC(3F7CB53B64E77E8E0F67F77AB6268914)\",\"spring.datasource.testWhileIdle\":\"true\",\"mybatis.oracle.mapper-locations\":\"classpath*:mapping/*.xml\",\"spring.datasource.oracle.driver-class-name\":\"oracle.jdbc.OracleDriver\",\"spring.datasource.timeBetweenEvictionRunsMillis\":\"60000\",\"spring.datasource.minIdle\":\"3\",\"mybatis.oracle.scan.basePackages\":\"com.unitop.athena2.dao\",\"spring.datasource.minEvictableIdleTimeMillis\":\"60000\",\"mybatis.oracle.type-aliases-package\":\"\",\"spring.datasource.maxActive\":\"17\",\"spring.datasource.maxWait\":\"60000\",\"spring.datasource.filters\":\"stat,wall,log4j\",\"spring.datasource.initialSize\":\"5\",\"spring.datasource.useGlobalDataSourceStat\":\"true\",\"spring.datasource.connectionProperties\":\"druid.stat.mergeSql\\u003dtrue;druid.stat.slowSqlMillis\\u003d5000\",\"spring.datasource.db-name\":\"oracle\",\"spring.datasource.oracle.url\":\"ENC(AB4F2139681FB8ECFB6145D0CCEAD210D0D399CC56925B702B76EDB70FFB5C08777216EE9403ED9CEF75FFDA5174FB5203C2F88BCC71D80E6C7266435F564E697745D5A861DDA73A2E93437D97905C8998FC2E78C4BCEEFEF33D69AAF12B86039C369A13601ACB3B5DFC6BBA090DE1B137DA3DC2B5F32BFA1499FCCDF8322B9026A9F550021B0E0ADC4012CA0FBA3720)\",\"spring.datasource.oracle.password\":\"ENC(C639E9E1F0C84D7C82B9400C044BB787)\"}','\0','\0','蔡昭全(0002551)','2019-11-01 14:23:31','蔡昭全(0002551)','2019-11-01 14:23:31');
INSERT INTO `ReleaseHistory` VALUES ('19','10000002','default','application','default','15','16','1','{}','\0','蔡昭全(0002551)','2019-10-15 17:22:01','蔡昭全(0002551)','2019-10-15 17:22:01'), ('20','100003173','default','redis','default','17','8','0','{\"isEmergencyPublish\":false}','\0','蔡昭全(0002551)','2019-10-15 17:27:00','蔡昭全(0002551)','2019-10-15 17:27:00'), ('21','jobplatform','default','redis','default','18','13','0','{\"isEmergencyPublish\":false}','\0','蔡昭全(0002551)','2019-10-15 17:27:46','蔡昭全(0002551)','2019-10-15 17:27:46'), ('22','10000001','default','application','default','19','14','0','{\"isEmergencyPublish\":false}','\0','蔡昭全(0002551)','2019-10-15 17:40:47','蔡昭全(0002551)','2019-10-15 17:40:47'), ('23','10000002','default','application','default','20','15','0','{\"isEmergencyPublish\":false}','\0','蔡昭全(0002551)','2019-10-16 08:54:48','蔡昭全(0002551)','2019-10-16 08:54:48'), ('24','jobplatform','default','application','default','21','0','0','{\"isEmergencyPublish\":false}','\0','蔡昭全(0002551)','2019-10-16 08:57:54','蔡昭全(0002551)','2019-10-16 08:57:54'), ('25','100003173','default','application','default','22','0','0','{\"isEmergencyPublish\":false}','\0','蔡昭全(0002551)','2019-10-16 08:58:31','蔡昭全(0002551)','2019-10-16 08:58:31'), ('26','unitopsso','default','application','default','23','0','0','{\"isEmergencyPublish\":false}','\0','蔡昭全(0002551)','2019-10-16 08:58:51','蔡昭全(0002551)','2019-10-16 08:58:51'), ('27','unitopsso','default','application','default','24','23','0','{\"isEmergencyPublish\":false}','\0','蔡昭全(0002551)','2019-10-16 14:11:28','蔡昭全(0002551)','2019-10-16 14:11:28'), ('28','unitopsso','default','redis','default','25','0','0','{\"isEmergencyPublish\":false}','\0','蔡昭全(0002551)','2019-10-16 14:37:20','蔡昭全(0002551)','2019-10-16 14:37:20'), ('29','jobplatform','default','redis','default','26','18','0','{\"isEmergencyPublish\":false}','\0','蔡昭全(0002551)','2019-10-17 11:40:35','蔡昭全(0002551)','2019-10-17 11:40:35'), ('30','jobplatform','default','application','default','27','21','0','{\"isEmergencyPublish\":false}','\0','蔡昭全(0002551)','2019-10-17 11:40:41','蔡昭全(0002551)','2019-10-17 11:40:41'), ('31','unitopsso','default','application','default','28','24','0','{\"isEmergencyPublish\":false}','\0','蔡昭全(0002551)','2019-10-17 17:57:01','蔡昭全(0002551)','2019-10-17 17:57:01'), ('32','unitopsso','default','application','default','29','28','0','{\"isEmergencyPublish\":false}','\0','蔡昭全(0002551)','2019-10-18 09:19:23','蔡昭全(0002551)','2019-10-18 09:19:23'), ('33','unitopsso','default','application','default','30','29','0','{\"isEmergencyPublish\":false}','\0','蔡昭全(0002551)','2019-10-18 16:14:18','蔡昭全(0002551)','2019-10-18 16:14:18'), ('34','10000001','default','application','default','31','19','0','{\"isEmergencyPublish\":false}','\0','蔡昭全(0002551)','2019-11-01 14:23:31','蔡昭全(0002551)','2019-11-01 14:23:31');
INSERT INTO `ReleaseMessage` VALUES ('20','100003173+default+redis','2019-10-15 17:27:00'), ('23','10000002+default+application','2019-10-16 08:54:48'), ('25','100003173+default+application','2019-10-16 08:58:31'), ('28','unitopsso+default+redis','2019-10-16 14:37:20'), ('29','jobplatform+default+redis','2019-10-17 11:40:35'), ('30','jobplatform+default+application','2019-10-17 11:40:41'), ('33','unitopsso+default+application','2019-10-18 16:14:18'), ('34','10000001+default+application','2019-11-01 14:23:31');
INSERT INTO `ServerConfig` VALUES ('1','eureka.service.url','default','http://10.1.5.83:7071/eureka/','Eureka服务Url，多个service以英文逗号分隔','\0','default','2019-10-09 14:17:02','','2019-10-11 09:03:29'), ('2','namespace.lock.switch','default','false','一次发布只能有一个人修改开关','\0','default','2019-10-09 14:17:02','','2019-10-09 14:17:02'), ('3','item.key.length.limit','default','128','item key 最大长度限制','\0','default','2019-10-09 14:17:02','','2019-10-09 14:17:02'), ('4','item.value.length.limit','default','20000','item value最大长度限制','\0','default','2019-10-09 14:17:02','','2019-10-09 14:17:02'), ('5','config-service.cache.enabled','default','true','ConfigService是否开启缓存，开启后能提高性能，但是会增大内存消耗！','\0','default','2019-10-09 14:17:02','','2019-10-11 09:03:33');
